artist_id,name,musical_id,musical,role
16,金圣权,63,哈姆雷特,哈姆雷特
17,郑棋元,63,哈姆雷特,克劳狄斯
18,朱梓溶,63,哈姆雷特,葛楚德
19,朱芾,63,哈姆雷特,葛楚德
20,余思冉,63,哈姆雷特,奥菲莉娅
21,林润欣,63,哈姆雷特,奥菲莉娅
22,庞盛之,63,哈姆雷特,波洛涅斯
23,赵禹钧,63,哈姆雷特,波洛涅斯
24,胡超政,63,哈姆雷特,赖尔蒂斯
25,徐泽辉,63,哈姆雷特,赖尔蒂斯
26,胡芳洲,63,哈姆雷特,老哈姆雷特灵魂
27,殷浩伦,63,哈姆雷特,霍瑞修
28,刘锦,63,哈姆雷特,霍瑞修
29,阿云嘎,61,剧院魅影,魅影
30,刘令飞,61,剧院魅影,魅影
31,何亮辰,61,剧院魅影,魅影
1394,马佳,61,剧院魅影,魅影
32,杨陈秀一,61,剧院魅影,克里斯汀·戴伊
33,潘杭苇,61,剧院魅影,克里斯汀·戴伊
34,林韶,61,剧院魅影,克里斯汀·戴伊
35,赵超凡,61,剧院魅影,劳尔·沙尼子爵
36,马添龙,61,剧院魅影,劳尔·沙尼子爵
37,李宸希,61,剧院魅影,劳尔·沙尼子爵
38,周孟涛,61,剧院魅影,卡洛塔·朱迪切利
39,杨丽莹,61,剧院魅影,卡洛塔·朱迪切利
40,李忻润,61,剧院魅影,乌巴尔多·皮安吉
41,王峙儒,61,剧院魅影,费尔曼先生
42,吴勃臻,61,剧院魅影,安德烈先生
43,陈沁,61,剧院魅影,吉瑞夫人
44,樊苏颐,61,剧院魅影,梅格·吉瑞
95,夏振凯,85,侠影·咏春,梁德荣
36,马添龙,85,侠影·咏春,梁德荣
96,徐瑶,85,侠影·咏春,郑若兰
97,蔡忻如,85,侠影·咏春,郑若兰
98,崔秀丽,85,侠影·咏春,琴心
99,方芳,85,侠影·咏春,琴心
100,孙尧,85,侠影·咏春,梁二娣
101,常进,85,侠影·咏春,梁二娣
102,赵穆宸,85,侠影·咏春,陈华顺
103,王博文,85,侠影·咏春,李舜元
104,黄天宇,85,侠影·咏春,胡永贵
105,刘一谷,85,侠影·咏春,杨天奇
107,梁文瀚,85,侠影·咏春,混天龙
106,许乐,85,侠影·咏春,混天龙
109,黄渤,62,一出好戏,蝙蝠
137,潘斌龙,62,一出好戏,蝙蝠
138,单冠朝,62,一出好戏,蝙蝠
139,周可人,62,一出好戏,马进
140,傲日其愣,62,一出好戏,马进
141,王天放,62,一出好戏,马进
142,蓝盈莹,62,一出好戏,姗姗
143,严小北,62,一出好戏,姗姗
144,陆宇鹏,62,一出好戏,小兴
145,张伦硕,62,一出好戏,张总
102,赵穆宸,62,一出好戏,张总
146,姜昊旻,62,一出好戏,张总
148,张祐维,62,一出好戏,小王
147,周国帅,62,一出好戏,小王
169,王艺瑾,64,理想之城,苏筱
170,潘艺琳,64,理想之城,苏筱
171,明家歆,64,理想之城,苏筱
95,夏振凯,64,理想之城,赵显坤
172,甘泉,64,理想之城,赵显坤
173,孙圣凯,64,理想之城,夏明
174,周默涵,64,理想之城,夏明
175,桑可舟,64,理想之城,徐知平
176,张珑腾,64,理想之城,徐知平
177,孙葛川野,64,理想之城,黄礼林
178,郝晓辉,64,理想之城,黄礼林
184,刘福安,201,京·谣,王超英
185,黄绮雯,201,京·谣,南诗琴
186,张微,201,京·谣,南诗琴
187,朱兴东,201,京·谣,金顺
188,秦荣,201,京·谣,肖彰
211,徐均朔,65,南墙计划,小六
212,郭虹旭,65,南墙计划,小六
213,傅祥安,65,南墙计划,小六
214,舒荣波,65,南墙计划,小六
215,马良,65,南墙计划,张忠礼
216,李秋盟,65,南墙计划,张忠礼
217,孙金瀚,65,南墙计划,张忠礼
218,刘浩冉,65,南墙计划,大莲
219,李梓溪,65,南墙计划,大莲
220,张梦嫣,65,南墙计划,大莲
221,蛋蛋,65,南墙计划,肖傻子
222,徐奕然,65,南墙计划,肖傻子
223,徐杭,65,南墙计划,肖傻子
224,李泽熙,65,南墙计划,胖子
201,孙浩程,65,南墙计划,胖子
225,吴锦铎,65,南墙计划,德华
226,崔承宇,65,南墙计划,德华
227,赵丹霓,65,南墙计划,白老师
228,周钰斐,65,南墙计划,白老师
229,恩妤,65,南墙计划,宋荷
230,黄可,65,南墙计划,宋荷
231,王皓,65,南墙计划,多功能
232,吴志军,65,南墙计划,多功能
233,杨济连,65,南墙计划,多功能
234,张睿姝,65,南墙计划,多功能
235,赵雅妮,65,南墙计划,多功能
236,周显波,65,南墙计划,多功能
237,王典,65,南墙计划,多功能
238,赵钱龙,65,南墙计划,多功能
210,姜均,65,南墙计划,多功能
239,霍泽安,65,南墙计划,多功能
256,张泽,56,猎罪图鉴,沈翊
257,高杨,56,猎罪图鉴,沈翊
258,郑艺彬,56,猎罪图鉴,沈翊
259,毛二,56,猎罪图鉴,沈翊
174,周默涵,56,猎罪图鉴,沈翊
260,蔡淇,56,猎罪图鉴,沈翊
261,郭嘉轩,56,猎罪图鉴,沈翊
262,舒杨,56,猎罪图鉴,沈翊
263,瞿艺,56,猎罪图鉴,沈翊
264,相征,56,猎罪图鉴,沈翊
265,姜彬,56,猎罪图鉴,杜城
266,施哲明,56,猎罪图鉴,杜城
267,胡迪,56,猎罪图鉴,杜城
268,吴俊鹏,56,猎罪图鉴,杜城
269,徐昊,56,猎罪图鉴,杜城
270,王瀚宇,56,猎罪图鉴,杜城
96,徐瑶,56,猎罪图鉴,蒋歌
271,丁臻滢,56,猎罪图鉴,蒋歌
272,江南,56,猎罪图鉴,蒋歌
273,丁汀,56,猎罪图鉴,蒋歌
274,张沁丹,56,猎罪图鉴,蒋歌
275,申霓,56,猎罪图鉴,范若瑄
276,覃子瑄,56,猎罪图鉴,范若瑄
277,莫海婧,56,猎罪图鉴,范若瑄
278,于佳鑫,56,猎罪图鉴,范若瑄
279,杨琳,56,猎罪图鉴,范若瑄
280,赵雨卉,56,猎罪图鉴,范若瑄
281,蒋倩如,56,猎罪图鉴,瞿蓝心
282,王子浠,56,猎罪图鉴,瞿蓝心
283,陈希琰,56,猎罪图鉴,瞿蓝心
284,陈旭,56,猎罪图鉴,瞿蓝心
285,刘乙萱,56,猎罪图鉴,任晓玄
286,湛嘉丽,56,猎罪图鉴,任晓玄
287,陈玉婷,56,猎罪图鉴,任晓玄
288,王洁璐,56,猎罪图鉴,任晓玄
289,周文嘉,56,猎罪图鉴,任晓玄
290,钱安琪,56,猎罪图鉴,任晓玄
291,刘晓,56,猎罪图鉴,任晓玄
292,倪晔,56,猎罪图鉴,梁毅
293,孙豆尔,56,猎罪图鉴,梁毅
294,张琦铭,56,猎罪图鉴,梁毅
295,张云轩,56,猎罪图鉴,梁毅
296,刘政,56,猎罪图鉴,梁毅
297,何铭海,56,猎罪图鉴,梁毅
298,刘官卫,56,猎罪图鉴,梁毅
299,顾易,56,猎罪图鉴,蒋峰
300,田野,56,猎罪图鉴,蒋峰
301,张旭辰,56,猎罪图鉴,蒋峰
302,杜航,56,猎罪图鉴,蒋峰
303,刘钊,56,猎罪图鉴,蒋峰
222,徐奕然,56,猎罪图鉴,蒋峰
304,徐步超,56,猎罪图鉴,蒋峰
305,钱蒙楠,56,猎罪图鉴,蒋峰
306,彭筱涵,56,猎罪图鉴,李晗
307,罗玉玲,56,猎罪图鉴,李晗
308,张雅琪,56,猎罪图鉴,李晗
309,张艺,56,猎罪图鉴,李晗
322,毛珏懿,56,猎罪图鉴,李晗
242,丁伟,56,猎罪图鉴,张局/雷队
310,傅震华,56,猎罪图鉴,张局/雷队
311,张益群,56,猎罪图鉴,张局/雷队
312,刘牧,56,猎罪图鉴,张局/雷队
175,桑可舟,56,猎罪图鉴,张局/雷队
313,王明龙,56,猎罪图鉴,张局/雷队
178,郝晓辉,56,猎罪图鉴,张局/雷队
314,毛寅东,56,猎罪图鉴,张局/雷队
315,周波,56,猎罪图鉴,多功能男
316,饶恒宇,56,猎罪图鉴,多功能男
317,朱涵彬,56,猎罪图鉴,多功能男
323,邹子月,56,猎罪图鉴,多功能女1
319,徐茜,56,猎罪图鉴,多功能女1
318,潘珏辰,56,猎罪图鉴,多功能女1
321,卓群,56,猎罪图鉴,多功能女1
320,叶嘉雯,56,猎罪图鉴,多功能女2
324,陈佳佳,56,猎罪图鉴,多功能女2
333,刘阳,28,异想天开,El Gallo
282,王子浠,28,异想天开,El Gallo
345,祝颂皓,28,异想天开,El Gallo
262,舒杨,28,异想天开,Matt
346,阿拉丁,28,异想天开,Matt
271,丁臻滢,28,异想天开,Luisa
287,陈玉婷,28,异想天开,Luisa
347,郭明翔,28,异想天开,Bellomy
348,翟松,28,异想天开,Hucklebee
242,丁伟,28,异想天开,Hucklebee
349,蒋茂洲,28,异想天开,Henry（梅兰亨）
350,马学良,28,异想天开,Henry（梅兰亨）
351,陶以诺,28,异想天开,Mortimer（毛儿）
4389,王依尔,506,最后登场,肖华
353,李浩楠,28,异想天开,Mute
282,王子浠,75,呼救HELP,丹尼尔
356,李向哲,75,呼救HELP,丹尼尔
262,舒杨,75,呼救HELP,丹尼尔
357,年蔓婷,75,呼救HELP,费欧娜
274,张沁丹,75,呼救HELP,克莱尔
284,陈旭,75,呼救HELP,克莱尔
358,蒋芸,75,呼救HELP,影子
425,方书剑,147,春上海1949,郑扬帆
260,蔡淇,147,春上海1949,林安邦
426,王梓庭,147,春上海1949,陈新新
250,汤爱民,147,春上海1949,谢麦伦
427,白瀚祥,147,春上海1949,陈新生
322,毛珏懿,147,春上海1949,柏玲
428,李炜铃,147,春上海1949,柏玲
429,于滨嘉,147,春上海1949,郑将军
430,江泽辰,147,春上海1949,柏父
431,苗宸宇,147,春上海1949,戴维
432,林荣康,147,春上海1949,曾先生
433,石钰铎,147,春上海1949,军警
261,郭嘉轩,59,城堡,霍姆斯
466,郭亢,59,城堡,霍姆斯
257,高杨,59,城堡,霍姆斯
467,钟嘉诚,59,城堡,霍姆斯
468,赵伟钢,59,城堡,霍姆斯
469,贾凡,59,城堡,本杰明
470,杨皓晨,59,城堡,本杰明
471,钟舜傲,59,城堡,本杰明
301,张旭辰,59,城堡,本杰明
472,冯远,59,城堡,凯莉
473,郭耀嵘,59,城堡,凯莉
218,刘浩冉,59,城堡,凯莉
474,马小乔,59,城堡,凯莉
475,张泽华,59,城堡,凯莉
476,李磊,59,城堡,托尼
477,李苏霖,59,城堡,托尼
478,夏阳,59,城堡,托尼
479,曹珺,34,银河铁道之夜,乔班尼
257,高杨,34,银河铁道之夜,乔班尼
478,夏阳,34,银河铁道之夜,乔班尼
480,于晓璘,34,银河铁道之夜,乔班尼
301,张旭辰,34,银河铁道之夜,乔班尼
481,王培杰,34,银河铁道之夜,康贝瑞拉
467,钟嘉诚,34,银河铁道之夜,康贝瑞拉
468,赵伟钢,34,银河铁道之夜,康贝瑞拉
482,朱微之,34,银河铁道之夜,康贝瑞拉
495,于毅,12,灵魂摆渡之永生,赵吏
496,丁辉,12,灵魂摆渡之永生,夏冬青
263,瞿艺,12,灵魂摆渡之永生,夏冬青
98,崔秀丽,12,灵魂摆渡之永生,王小亚
497,陈晓琼,12,灵魂摆渡之永生,王小亚
278,于佳鑫,12,灵魂摆渡之永生,王小亚
346,阿拉丁,12,灵魂摆渡之永生,穆尘
16,金圣权,12,灵魂摆渡之永生,穆尘
498,纪晓坤,12,灵魂摆渡之永生,穆尘
222,徐奕然,12,灵魂摆渡之永生,穆尘
499,孙乐仟,12,灵魂摆渡之永生,南熏
500,田依凡,12,灵魂摆渡之永生,南熏
501,马熙媛,201,京·谣,妍妍
502,曹娜,201,京·谣,瑟琳娜
503,顾轩畅,201,京·谣,轩轩
504,王海祥,201,京·谣,王新元
505,白举纲,22,人间失格,大庭叶藏
30,刘令飞,22,人间失格,大庭叶藏
428,李炜铃,22,人间失格,祝子
506,徐梦迪,22,人间失格,祝子
511,陈恬,22,人间失格,祝子
507,张玮伦,22,人间失格,堀木正雄
508,亚森,22,人间失格,堀木正雄
274,张沁丹,22,人间失格,恒子
509,徐梦,22,人间失格,恒子
510,蒋依敏,22,人间失格,恒子
549,蔡鹏,66,愚公移山,愚公
550,李炜鹏,66,愚公移山,智叟
281,蒋倩如,66,愚公移山,王宁
551,温雅祺,66,愚公移山,王宁
552,齐奇,66,愚公移山,御风
553,西麟润,66,愚公移山,邹老师
554,张建勋,66,愚公移山,列子
555,赛博渊,66,愚公移山,操蛇之神
259,毛二,67,嗜血博士,爱德华
299,顾易,67,嗜血博士,爱德华
482,朱微之,67,嗜血博士,爱德华
470,杨皓晨,67,嗜血博士,爱德华
570,白一博,67,嗜血博士,爱德华
571,马灵奇,67,嗜血博士,爱德华
238,赵钱龙,67,嗜血博士,爱德华
572,施天玮,67,嗜血博士,爱德华
573,缪卓凡,67,嗜血博士,爱德华
300,田野,67,嗜血博士,乔纳森
574,管重昊,67,嗜血博士,乔纳森
575,徐佳文,67,嗜血博士,乔纳森
297,何铭海,67,嗜血博士,乔纳森
576,王颢珏,67,嗜血博士,乔纳森
577,汤佳明,67,嗜血博士,乔纳森
304,徐步超,67,嗜血博士,乔纳森
317,朱涵彬,67,嗜血博士,乔纳森
290,钱安琪,67,嗜血博士,玛莎
578,葛洧吟,67,嗜血博士,玛莎
579,洪果,67,嗜血博士,玛莎
580,贾景伊,67,嗜血博士,玛莎
581,赵子萌,67,嗜血博士,玛莎
318,潘珏辰,67,嗜血博士,玛莎
582,杨颖,67,嗜血博士,玛莎
602,王帅,200,迷雾山庄,阿明
603,李卓远,200,迷雾山庄,阿明
604,梁汉,200,迷雾山庄,阿明
605,李信,200,迷雾山庄,老江
606,陆艺火,200,迷雾山庄,老江
607,张腾,200,迷雾山庄,老江
608,邓欣锐,200,迷雾山庄,老江
609,马志睿,200,迷雾山庄,小宇
993,刘朱烨,200,迷雾山庄,小宇
863,唐浩瑜,200,迷雾山庄,小宇
619,李明屿,205,恋曲,邓禹平
620,米晨晨,205,恋曲,白玫
621,康珂然,205,恋曲,方丹
622,奇煜,205,恋曲,胡莱
623,李昊阳,205,恋曲,胡莱
624,徐天戈,205,恋曲,廖师长
625,赵昀迪,205,恋曲,茜茜
626,王明怡,205,恋曲,芬姐
627,李博,205,恋曲,张导演
628,阿诺,205,恋曲,现代导演
629,高斌,205,恋曲,白父
630,崔欣仪,205,恋曲,廖母
631,李依桐,205,恋曲,老罗/形体指导
632,周紫鑫,205,恋曲,贵妇人
633,刘佳,205,恋曲,廖父
266,施哲明,44,白夜追凶,关宏峰
345,祝颂皓,44,白夜追凶,关宏峰
674,王敏辉,44,白夜追凶,关宏峰
216,李秋盟,44,白夜追凶,关宏宇
212,郭虹旭,44,白夜追凶,关宏宇
260,蔡淇,44,白夜追凶,关宏宇
175,桑可舟,44,白夜追凶,周巡
675,遇泓羊,44,白夜追凶,周巡
676,许放星,44,白夜追凶,周巡
677,廖婧媛,44,白夜追凶,白涵
678,朱芷秋,44,白夜追凶,白涵
679,曾天,44,白夜追凶,白涵
680,智博闻,44,白夜追凶,叶方舟
681,李政绪,44,白夜追凶,叶方舟
682,邵立君,44,白夜追凶,叶方舟
223,徐杭,44,白夜追凶,叶方舟
683,邓贤凌,44,白夜追凶,周舒桐
684,吴杭律,44,白夜追凶,周舒桐
688,许嘉芸,44,白夜追凶,周舒桐
236,周显波,44,白夜追凶,多功能人女
685,暴晓萱,44,白夜追凶,多功能人女
315,周波,44,白夜追凶,多功能人男
573,缪卓凡,44,白夜追凶,多功能人男
686,宋元明,44,白夜追凶,多功能人男
687,陈博翰,44,白夜追凶,多功能人男
711,宗俊涛,68,女神在看,闪电
266,施哲明,68,女神在看,闪电
471,钟舜傲,68,女神在看,闪电
257,高杨,68,女神在看,石头
712,高雨晨,68,女神在看,石头
478,夏阳,68,女神在看,石头
468,赵伟钢,68,女神在看,蝎子
507,张玮伦,68,女神在看,蝎子
713,赵毅劼,68,女神在看,蝎子
294,张琦铭,68,女神在看,炮弹
298,刘官卫,68,女神在看,炮弹
427,白瀚祥,68,女神在看,勺子
714,孙欣业,68,女神在看,勺子
304,徐步超,68,女神在看,野狼
314,毛寅东,68,女神在看,野狼
715,周惠怡,68,女神在看,女神
716,张会芳,68,女神在看,女神
20,余思冉,68,女神在看,女神
745,刘思维,60,觉醒年代,李大钊
481,王培杰,60,觉醒年代,李大钊
491,李乐尧,60,觉醒年代,李大钊
480,于晓璘,60,觉醒年代,陈独秀
748,赵梓冲,60,觉醒年代,陈独秀
749,区宁,60,觉醒年代,陈独秀
746,侯京健,60,觉醒年代,毛泽东
747,杨君军,60,觉醒年代,毛泽东
755,丁宇佳,60,觉醒年代,胡适
756,姜崃,60,觉醒年代,胡适
753,杨映宇,60,觉醒年代,蔡元培
754,杨亚辉,60,觉醒年代,蔡元培
762,吕润桐,60,觉醒年代,高君曼
763,冯鑫垚,60,觉醒年代,高君曼
764,崔恩尔,60,觉醒年代,高君曼
285,刘乙萱,60,觉醒年代,赵纫兰
765,李雨鈊,60,觉醒年代,赵纫兰
758,邵奕磊,60,觉醒年代,鲁迅
759,云孟和,60,觉醒年代,鲁迅
757,帕赛,60,觉醒年代,辜鸿铭
751,吴以瀚,60,觉醒年代,陈延年
752,朱家鹏,60,觉醒年代,陈延年
760,刘思杰,60,觉醒年代,陈乔年
761,高尔金宝音,60,觉醒年代,陈乔年
750,江东旭,60,觉醒年代,周恩来
766,柏宇豪,60,觉醒年代,周恩来
771,赵嘉艳,41,斜杠进化论,宋琳西
772,陈棋尔,41,斜杠进化论,宋琳西
774,孙叶雨,41,斜杠进化论,唐洁宁
773,沐里,41,斜杠进化论,唐洁宁
776,杜鑫艳,41,斜杠进化论,伊莎
775,丁辰西,41,斜杠进化论,伊莎
302,杜航,41,斜杠进化论,杰森
777,孙礼杰,41,斜杠进化论,杰森
779,范浩泽,41,斜杠进化论,亨利
778,艺宝,41,斜杠进化论,亨利
781,薛赛,41,斜杠进化论,老金
780,黄偲,41,斜杠进化论,老金
782,姜呈洋,41,斜杠进化论,童桐
783,王瀚哲,41,斜杠进化论,易浩瀚
345,祝颂皓,41,斜杠进化论,易浩瀚
1344,陈楷,41,斜杠进化论,易浩瀚
1304,白倬铭,41,斜杠进化论,易浩瀚
262,舒杨,41,斜杠进化论,易浩瀚
1345,冯钰钢,41,斜杠进化论,易浩瀚
784,李泽晨,41,斜杠进化论,多功能人
845,周仕麒,207,无人岛,佳贤
1344,陈楷,207,无人岛,佳贤
1399,张铎,207,无人岛,佳贤
1398,孙天宇,207,无人岛,浩宇
312,刘牧,207,无人岛,浩宇
843,牛博为,207,无人岛,浩宇
1084,王玙璠,207,无人岛,小亚
1400,许沁,207,无人岛,小亚
684,吴杭律,207,无人岛,小亚
480,于晓璘,26,致命旋律,尼古拉斯
752,朱家鹏,26,致命旋律,尼古拉斯
827,邓泽镐,26,致命旋律,尼古拉斯
826,李存贤,26,致命旋律,尼古拉斯
824,赵洪博,26,致命旋律,尼古拉斯
825,霍京晖,26,致命旋律,尼古拉斯
481,王培杰,26,致命旋律,科伦
603,李卓远,26,致命旋律,科伦
828,张智伟,26,致命旋律,科伦
296,刘政,26,致命旋律,科伦
829,张皓哲,26,致命旋律,科伦
831,方银河,26,致命旋律,杰弗瑞
605,李信,26,致命旋律,杰弗瑞
348,翟松,26,致命旋律,杰弗瑞
830,孙敬贤,26,致命旋律,杰弗瑞
314,毛寅东,26,致命旋律,杰弗瑞
775,丁辰西,26,致命旋律,艾芙琳
834,曹小欠儿,26,致命旋律,艾芙琳
833,刁梦雪,26,致命旋律,艾芙琳
832,秦子淳,26,致命旋律,艾芙琳
835,黎宛曈,26,致命旋律,艾芙琳
284,陈旭,26,致命旋律,艾芙琳
841,曹牧之,15,桑塔露琪亚,Stevie
842,郝李英杰,15,桑塔露琪亚,Stevie
843,牛博为,15,桑塔露琪亚,Stevie
214,舒荣波,15,桑塔露琪亚,Stevie
470,杨皓晨,15,桑塔露琪亚,Stevie
1344,陈楷,15,桑塔露琪亚,Stevie
105,刘一谷,15,桑塔露琪亚,Stevie
855,赵霄汉,15,桑塔露琪亚,Stevie
756,姜崃,15,桑塔露琪亚,Chi Chi
216,李秋盟,15,桑塔露琪亚,Chi Chi
844,王天择,15,桑塔露琪亚,Chi Chi
269,徐昊,15,桑塔露琪亚,Chi Chi
845,周仕麒,15,桑塔露琪亚,Chi Chi
623,李昊阳,15,桑塔露琪亚,Chi Chi
758,邵奕磊,15,桑塔露琪亚,Chi Chi
846,陈志,15,桑塔露琪亚,Sonny Boy
476,李磊,15,桑塔露琪亚,Sonny Boy
847,朱亮,15,桑塔露琪亚,Sonny Boy
477,李苏霖,15,桑塔露琪亚,Sonny Boy
1370,宋周鑫,15,桑塔露琪亚,Sonny Boy
751,吴以瀚,15,桑塔露琪亚,Sonny Boy
852,陈科铭,11,阿波罗尼亚,Richard
853,郭洧江,11,阿波罗尼亚,Richard
477,李苏霖,11,阿波罗尼亚,Richard
572,施天玮,11,阿波罗尼亚,Richard
575,徐佳文,11,阿波罗尼亚,Richard
847,朱亮,11,阿波罗尼亚,Richard
862,施博威,11,阿波罗尼亚,Richard
863,唐浩瑜,11,阿波罗尼亚,Richard
856,杨宇威,11,阿波罗尼亚,Richard
1032,王浩楠,11,阿波罗尼亚,Richard
751,吴以瀚,11,阿波罗尼亚,Richard
756,姜崃,11,阿波罗尼亚,Oscar
216,李秋盟,11,阿波罗尼亚,Oscar
681,李政绪,11,阿波罗尼亚,Oscar
758,邵奕磊,11,阿波罗尼亚,Oscar
602,王帅,11,阿波罗尼亚,Oscar
345,祝颂皓,11,阿波罗尼亚,Oscar
854,朱亚洲,11,阿波罗尼亚,Oscar
205,张智涵,11,阿波罗尼亚,Oscar
857,脱骁尧,11,阿波罗尼亚,Oscar
864,周靖杰,11,阿波罗尼亚,Oscar
858,曾鑫,11,阿波罗尼亚,Oscar
859,张毅凯,11,阿波罗尼亚,Oscar
605,李信,11,阿波罗尼亚,Oscar
985,梁宵默,11,阿波罗尼亚,Oscar
841,曹牧之,11,阿波罗尼亚,Stevie
302,杜航,11,阿波罗尼亚,Stevie
842,郝李英杰,11,阿波罗尼亚,Stevie
826,李存贤,11,阿波罗尼亚,Stevie
845,周仕麒,11,阿波罗尼亚,Stevie
855,赵霄汉,11,阿波罗尼亚,Stevie
608,邓欣锐,11,阿波罗尼亚,Stevie
861,郑文博,11,阿波罗尼亚,Stevie
860,李玉言,11,阿波罗尼亚,Stevie
1344,陈楷,11,阿波罗尼亚,Stevie
1552,杜牧,11,阿波罗尼亚,Stevie
871,凌梦,200,迷雾山庄,钢琴乐手
872,张导正,200,迷雾山庄,钢琴乐手
873,王靖涵,200,迷雾山庄,小提琴乐手
874,左慈婧,200,迷雾山庄,小提琴乐手
893,何郝熙,209,Ordinary Days 不·平凡的日子,Deb
219,李梓溪,209,Ordinary Days 不·平凡的日子,Deb
894,田梦,209,Ordinary Days 不·平凡的日子,Deb
320,叶嘉雯,209,Ordinary Days 不·平凡的日子,Deb
581,赵子萌,209,Ordinary Days 不·平凡的日子,Deb
903,左一平,209,Ordinary Days 不·平凡的日子,Deb
681,李政绪,209,Ordinary Days 不·平凡的日子,Warren
862,施博威,209,Ordinary Days 不·平凡的日子,Warren
576,王颢珏,209,Ordinary Days 不·平凡的日子,Warren
895,万钰彬,209,Ordinary Days 不·平凡的日子,Warren
896,余镇鳌,209,Ordinary Days 不·平凡的日子,Warren
897,蔡馨怡,209,Ordinary Days 不·平凡的日子,Claire
230,黄可,209,Ordinary Days 不·平凡的日子,Claire
898,黎珂儿,209,Ordinary Days 不·平凡的日子,Claire
357,年蔓婷,209,Ordinary Days 不·平凡的日子,Claire
899,张烜尔,209,Ordinary Days 不·平凡的日子,Claire
427,白瀚祥,209,Ordinary Days 不·平凡的日子,Jason
900,高泽鹏,209,Ordinary Days 不·平凡的日子,Jason
901,井彦乔,209,Ordinary Days 不·平凡的日子,Jason
22,庞盛之,209,Ordinary Days 不·平凡的日子,Jason
902,王海旭,209,Ordinary Days 不·平凡的日子,Jason
319,徐茜,41,斜杠进化论,多功能人
785,孙澜月,41,斜杠进化论,多功能人
293,孙豆尔,74,月亮与六便士,查尔斯
297,何铭海,74,月亮与六便士,查尔斯
268,吴俊鹏,74,月亮与六便士,查尔斯
905,黄浦申,74,月亮与六便士,查尔斯
284,陈旭,74,月亮与六便士,艾米&老板娘
906,易群,74,月亮与六便士,艾米&老板娘
907,沈恬,74,月亮与六便士,艾米&老板娘
685,暴晓萱,74,月亮与六便士,艾米&老板娘
835,黎宛曈,74,月亮与六便士,艾米&老板娘
551,温雅祺,74,月亮与六便士,艾米&老板娘
698,王壹,74,月亮与六便士,威廉&斯特里夫
302,杜航,74,月亮与六便士,威廉&斯特里夫
908,陈旭茂,74,月亮与六便士,威廉&斯特里夫
909,薛尚文,74,月亮与六便士,威廉&斯特里夫
321,卓群,74,月亮与六便士,布兰琪&爱塔
910,盛可欣,74,月亮与六便士,布兰琪&爱塔
228,周钰斐,74,月亮与六便士,布兰琪&爱塔
358,蒋芸,74,月亮与六便士,布兰琪&爱塔
230,黄可,74,月亮与六便士,布兰琪&爱塔
894,田梦,74,月亮与六便士,布兰琪&爱塔
323,邹子月,74,月亮与六便士,布兰琪&爱塔
262,舒杨,14,小说,格雷·亨特
312,刘牧,14,小说,格雷·亨特
264,相征,14,小说,格雷·亨特
316,饶恒宇,14,小说,格雷·亨特
843,牛博为,14,小说,格雷·亨特
853,郭洧江,14,小说,格雷·亨特
934,丁星辰,14,小说,格雷·亨特
896,余镇鳌,14,小说,格雷·亨特
269,徐昊,14,小说,怀特·希斯曼
270,王瀚宇,14,小说,怀特·希斯曼
293,孙豆尔,14,小说,怀特·希斯曼
268,吴俊鹏,14,小说,怀特·希斯曼
302,杜航,14,小说,怀特·希斯曼
577,汤佳明,14,小说,怀特·希斯曼
295,张云轩,14,小说,休·戴克
304,徐步超,14,小说,休·戴克
314,毛寅东,14,小说,休·戴克
498,纪晓坤,14,小说,休·戴克
300,田野,14,小说,休·戴克
305,钱蒙楠,14,小说,休·戴克
1517,俄吉古古,14,小说,休·戴克
284,陈旭,10,FLAMES火焰,梅瑞狄斯
290,钱安琪,10,FLAMES火焰,梅瑞狄斯
677,廖婧媛,10,FLAMES火焰,梅瑞狄斯
321,卓群,10,FLAMES火焰,梅瑞狄斯
897,蔡馨怡,10,FLAMES火焰,梅瑞狄斯
939,谢一溦,10,FLAMES火焰,梅瑞狄斯
306,彭筱涵,10,FLAMES火焰,梅瑞狄斯
293,孙豆尔,10,FLAMES火焰,爱德蒙
498,纪晓坤,10,FLAMES火焰,爱德蒙
429,于滨嘉,10,FLAMES火焰,爱德蒙
297,何铭海,10,FLAMES火焰,爱德蒙
305,钱蒙楠,10,FLAMES火焰,爱德蒙
577,汤佳明,10,FLAMES火焰,爱德蒙
299,顾易,10,FLAMES火焰,埃里克
223,徐杭,10,FLAMES火焰,埃里克
862,施博威,10,FLAMES火焰,埃里克
682,邵立君,10,FLAMES火焰,埃里克
264,相征,10,FLAMES火焰,埃里克
956,李珏,54,辛吉路的画材店,卡路
223,徐杭,54,辛吉路的画材店,卡路
238,赵钱龙,54,辛吉路的画材店,卡路
957,温升宝,54,辛吉路的画材店,卡路
958,左溢,54,辛吉路的画材店,塞修
843,牛博为,54,辛吉路的画材店,塞修
959,董豫辰,54,辛吉路的画材店,塞修
429,于滨嘉,54,辛吉路的画材店,塞修
960,尹智博,54,辛吉路的画材店,塞修
576,王颢珏,54,辛吉路的画材店,辛吉
232,吴志军,54,辛吉路的画材店,辛吉
961,林大钦,54,辛吉路的画材店,辛吉
962,车鸣笛,54,辛吉路的画材店,辛吉
963,刘瀚聪,54,辛吉路的画材店,辛吉
825,霍京晖,17,灯塔,霍普
682,邵立君,17,灯塔,霍普
964,宋凯文,17,灯塔,霍普
853,郭洧江,17,灯塔,霍普
965,元佳辰,17,灯塔,霍普
824,赵洪博,17,灯塔,霍普
982,文振宇,17,灯塔,霍普
983,曾阵,17,灯塔,霍普
984,李坤嘉,17,灯塔,霍普
970,韩佳旭,17,灯塔,霍普
971,廖城志,17,灯塔,霍普
972,杨博皓,17,灯塔,霍普
973,钟政,17,灯塔,霍普
226,崔承宇,17,灯塔,怀恩
966,冯文彦,17,灯塔,怀恩
967,孙博,17,灯塔,怀恩
968,王逸飞,17,灯塔,怀恩
25,徐泽辉,17,灯塔,怀恩
960,尹智博,17,灯塔,怀恩
985,梁宵默,17,灯塔,怀恩
986,饶克勤,17,灯塔,怀恩
987,张艺,17,灯塔,怀恩
981,张鑫澳,17,灯塔,怀恩
992,陈梓煊,17,灯塔,怀恩
974,杜皓云,17,灯塔,怀恩
975,王世鑫,17,灯塔,怀恩
976,薛钦元,17,灯塔,怀恩
977,赵奕然,17,灯塔,怀恩
864,周靖杰,17,灯塔,怀恩
963,刘瀚聪,17,灯塔,守塔人
605,李信,17,灯塔,守塔人
714,孙欣业,17,灯塔,守塔人
857,脱骁尧,17,灯塔,守塔人
675,遇泓羊,17,灯塔,守塔人
348,翟松,17,灯塔,守塔人
969,张鼎棋,17,灯塔,守塔人
988,刘秫呈,17,灯塔,守塔人
989,易俊,17,灯塔,守塔人
990,王皓,17,灯塔,守塔人
991,汤俊军,17,灯塔,守塔人
978,杜舟,17,灯塔,守塔人
979,范杰,17,灯塔,守塔人
980,罗涣涣,17,灯塔,守塔人
221,蛋蛋,40,翻国王棋,奥尔森
212,郭虹旭,40,翻国王棋,奥尔森
963,刘瀚聪,40,翻国王棋,奥尔森
25,徐泽辉,40,翻国王棋,奥尔森
333,刘阳,40,翻国王棋,克雷加德
216,李秋盟,40,翻国王棋,克雷加德
968,王逸飞,40,翻国王棋,克雷加德
675,遇泓羊,40,翻国王棋,克雷加德
294,张琦铭,40,翻国王棋,克雷加德
260,蔡淇,40,翻国王棋,戈布
466,郭亢,40,翻国王棋,戈布
1012,李佳音,40,翻国王棋,戈布
298,刘官卫,40,翻国王棋,戈布
576,王颢珏,40,翻国王棋,戈布
962,车鸣笛,40,翻国王棋,弗雷
961,林大钦,40,翻国王棋,弗雷
714,孙欣业,40,翻国王棋,弗雷
909,薛尚文,40,翻国王棋,弗雷
429,于滨嘉,40,翻国王棋,弗雷
1018,李子涵,40,翻国王棋,玛尼
1019,刘明明,40,翻国王棋,玛尼
686,宋元明,40,翻国王棋,玛尼
315,周波,40,翻国王棋,玛尼
685,暴晓萱,40,翻国王棋,伊敦
1020,杜钇樵,40,翻国王棋,伊敦
474,马小乔,40,翻国王棋,伊敦
899,张烜尔,40,翻国王棋,伊敦
763,冯鑫垚,35,威尼斯商人,鲍西亚
579,洪果,35,威尼斯商人,鲍西亚
1029,潘蕾蕾,35,威尼斯商人,鲍西亚
1030,宁馨儿,35,威尼斯商人,鲍西亚
1031,鲁芳岐,35,威尼斯商人,鲍西亚
1032,王浩楠,35,威尼斯商人,巴萨尼奥
460,李嘉骏,35,威尼斯商人,巴萨尼奥
1033,孙化卓,35,威尼斯商人,巴萨尼奥
828,张智伟,35,威尼斯商人,安东尼奥
1034,郭禹良,35,威尼斯商人,安东尼奥
1035,李子健,35,威尼斯商人,夏洛克
759,云孟和,35,威尼斯商人,夏洛克
1036,周校校,35,威尼斯商人,夏洛克
570,白一博,70,阿尔托，梵高,阿尔托
1066,龚子棋,70,阿尔托，梵高,阿尔托
682,邵立君,70,阿尔托，梵高,阿尔托
776,杜鑫艳,16,宇宙大明星,NoVA
482,朱微之,70,阿尔托，梵高,阿尔托
467,钟嘉诚,70,阿尔托，梵高,阿尔托
1079,刘洪书,70,阿尔托，梵高,梵高
961,林大钦,70,阿尔托，梵高,梵高
686,宋元明,70,阿尔托，梵高,梵高
862,施博威,70,阿尔托，梵高,梵高
1080,钟子崴,70,阿尔托，梵高,梵高
297,何铭海,70,阿尔托，梵高,博士
314,毛寅东,70,阿尔托，梵高,博士
969,张鼎棋,70,阿尔托，梵高,博士
680,智博闻,70,阿尔托，梵高,博士
472,冯远,177,嘿！亚利桑那,简
219,李梓溪,177,嘿！亚利桑那,简
287,陈玉婷,177,嘿！亚利桑那,简
684,吴杭律,177,嘿！亚利桑那,简
841,曹牧之,177,嘿！亚利桑那,比利
476,李磊,177,嘿！亚利桑那,比利
1081,滕春鹏,177,嘿！亚利桑那,比利
214,舒荣波,177,嘿！亚利桑那,比利
1082,王桓,177,嘿！亚利桑那,比利
267,胡迪,177,嘿！亚利桑那,怀亚特
266,施哲明,177,嘿！亚利桑那,怀亚特
1083,刘勃汐,177,嘿！亚利桑那,怀亚特
968,王逸飞,177,嘿！亚利桑那,怀亚特
1084,王玙璠,177,嘿！亚利桑那,约瑟芬
1085,于梦滢,177,嘿！亚利桑那,约瑟芬
289,周文嘉,177,嘿！亚利桑那,约瑟芬
321,卓群,177,嘿！亚利桑那,约瑟芬
897,蔡馨怡,177,嘿！亚利桑那,约瑟芬
1086,褚俊驰,177,嘿！亚利桑那,强尼
1087,郭俊宇,177,嘿！亚利桑那,强尼
1088,连江维,177,嘿！亚利桑那,强尼
698,王壹,177,嘿！亚利桑那,强尼
1089,高旭,177,嘿！亚利桑那,强尼
1090,高瑞杰,177,嘿！亚利桑那,哈利
1091,唐超,177,嘿！亚利桑那,哈利
315,周波,177,嘿！亚利桑那,哈利
217,孙金瀚,177,嘿！亚利桑那,哈利
964,宋凯文,177,嘿！亚利桑那,哈利
908,陈旭茂,177,嘿！亚利桑那,波特
761,高尔金宝音,177,嘿！亚利桑那,波特
680,智博闻,177,嘿！亚利桑那,波特
1117,Ricky,23,Little Jack小杰克,Jack
299,顾易,23,Little Jack小杰克,Jack
571,马灵奇,23,Little Jack小杰克,Jack
300,田野,23,Little Jack小杰克,Jack
316,饶恒宇,23,Little Jack小杰克,Jack
1125,闫乐湟,23,Little Jack小杰克,Julie
772,陈棋尔,23,Little Jack小杰克,Julie
1126,陈姝月,23,Little Jack小杰克,Julie
230,黄可,23,Little Jack小杰克,Julie
1159,强东玥,51,狄俄尼索斯,狄俄尼索斯
497,陈晓琼,51,狄俄尼索斯,狄俄尼索斯
230,黄可,51,狄俄尼索斯,狄俄尼索斯
1160,林燕婷,51,狄俄尼索斯,狄俄尼索斯
1161,王樵知,51,狄俄尼索斯,狄俄尼索斯
917,王国栋,51,狄俄尼索斯,阿波罗
293,孙豆尔,51,狄俄尼索斯,阿波罗
312,刘牧,51,狄俄尼索斯,阿波罗
239,霍泽安,51,狄俄尼索斯,阿波罗
713,赵毅劼,51,狄俄尼索斯,安普罗斯
576,王颢珏,51,狄俄尼索斯,安普罗斯
1019,刘明明,51,狄俄尼索斯,安普罗斯
300,田野,51,狄俄尼索斯,安普罗斯
1162,陈膺浩,51,狄俄尼索斯,普罗辛诺斯/无名的人/阿里阿德涅/警察
908,陈旭茂,51,狄俄尼索斯,普罗辛诺斯/无名的人/阿里阿德涅/警察
1163,韩逸秋,51,狄俄尼索斯,普罗辛诺斯/无名的人/阿里阿德涅/警察
1166,叶思琳,211,Hi Hi 莎士比亚,JULIA
1167,黄雨蝶,211,Hi Hi 莎士比亚,JULIA
1168,缪银海,211,Hi Hi 莎士比亚,CESAR
974,杜皓云,211,Hi Hi 莎士比亚,CESAR
1169,赵嘉恒,211,Hi Hi 莎士比亚,PATRICK
977,赵奕然,211,Hi Hi 莎士比亚,PATRICK
1170,姚一依,211,Hi Hi 莎士比亚,HELEN
1171,王竞琦,211,Hi Hi 莎士比亚,HELEN
287,陈玉婷,53,蝶变,曼曼
290,钱安琪,53,蝶变,曼曼
1172,胥子含,53,蝶变,曼曼
320,叶嘉雯,53,蝶变,曼曼
771,赵嘉艳,53,蝶变,曼曼
473,郭耀嵘,53,蝶变,曼曼
775,丁辰西,53,蝶变,沈文君
683,邓贤凌,53,蝶变,沈文君
1173,苗梦初,53,蝶变,沈文君
274,张沁丹,53,蝶变,沈文君
280,赵雨卉,53,蝶变,沈文君
1174,付世刚,53,蝶变,齐志平
1175,黄周,53,蝶变,齐志平
1176,刘泽星,53,蝶变,齐志平
1079,刘洪书,53,蝶变,齐志平
356,李向哲,94,谋杀歌谣,Tom
304,徐步超,94,谋杀歌谣,Tom
298,刘官卫,94,谋杀歌谣,Tom
305,钱蒙楠,94,谋杀歌谣,Tom
968,王逸飞,94,谋杀歌谣,Tom
985,梁宵默,94,谋杀歌谣,Tom
499,孙乐仟,94,谋杀歌谣,Sara
774,孙叶雨,94,谋杀歌谣,Sara
280,赵雨卉,94,谋杀歌谣,Sara
772,陈棋尔,94,谋杀歌谣,Sara
320,叶嘉雯,94,谋杀歌谣,Sara
268,吴俊鹏,94,谋杀歌谣,Michael
299,顾易,94,谋杀歌谣,Michael
844,王天择,94,谋杀歌谣,Michael
1188,潘龙,94,谋杀歌谣,Michael
782,姜呈洋,94,谋杀歌谣,Michael
1189,马海生,94,谋杀歌谣,Michael
773,沐里,94,谋杀歌谣,Narrator
282,王子浠,94,谋杀歌谣,Narrator
357,年蔓婷,94,谋杀歌谣,Narrator
1020,杜钇樵,94,谋杀歌谣,Narrator
1190,覃一凡,94,谋杀歌谣,Narrator
348,翟松,46,卡拉马佐夫兄弟,费尧多尔
1208,付翔,46,卡拉马佐夫兄弟,费尧多尔
292,倪晔,46,卡拉马佐夫兄弟,费尧多尔
270,王瀚宇,46,卡拉马佐夫兄弟,德米特里
267,胡迪,46,卡拉马佐夫兄弟,德米特里
1081,滕春鹏,46,卡拉马佐夫兄弟,德米特里
550,李炜鹏,46,卡拉马佐夫兄弟,伊万
467,钟嘉诚,46,卡拉马佐夫兄弟,阿辽沙
212,郭虹旭,46,卡拉马佐夫兄弟,阿辽沙
258,郑艺彬,46,卡拉马佐夫兄弟,阿辽沙
470,杨皓晨,46,卡拉马佐夫兄弟,阿辽沙
256,张泽,46,卡拉马佐夫兄弟,斯乜尔加科夫
1210,赵凡嘉,46,卡拉马佐夫兄弟,斯乜尔加科夫
1235,陈芙蓉,20,无法访问,林嘉怡
910,盛可欣,20,无法访问,林嘉怡
581,赵子萌,20,无法访问,李梦
772,陈棋尔,20,无法访问,李梦
903,左一平,20,无法访问,李梦
1236,王智威,20,无法访问,窦豆
862,施博威,20,无法访问,窦豆
1237,张淼龙,20,无法访问,姜大海
297,何铭海,20,无法访问,姜大海
1248,卢佩珊,27,一封陌生女人的来信,少女
1249,向瑞雪,27,一封陌生女人的来信,青年女人
1250,曹蕊,27,一封陌生女人的来信,中年女人
1251,张传昊,27,一封陌生女人的来信,R
1252,刘洋,27,一封陌生女人的来信,约翰
1253,黄雪薇,27,一封陌生女人的来信,酒吧女
1254,谭维维,39,绽放,张桂梅
384,喻越越,39,绽放,张桂梅
1255,袁东方,39,绽放,张桂梅
1256,淮梓伦,39,绽放,老陈
1265,侯岩松,39,绽放,老陈
1257,代玮,39,绽放,沈老师
1258,袁子玉,39,绽放,小梦
1259,王琳瑶,39,绽放,小梦
1260,徐梦丹,39,绽放,木沐
1261,王迎月圆,39,绽放,小易
1262,毋子玥,39,绽放,小易
1263,桑云龙,39,绽放,领导
1264,许越,39,绽放,记者
1029,潘蕾蕾,39,绽放,记者
1650,陈诗丹,12,灵魂摆渡之永生,女群
211,徐均朔,24,粉丝来信,郑微岚
480,于晓璘,24,粉丝来信,郑微岚
1306,张博俊,24,粉丝来信,郑微岚
214,舒荣波,24,粉丝来信,郑微岚
1307,刘岩,24,粉丝来信,金海鸣
266,施哲明,24,粉丝来信,金海鸣
764,崔恩尔,24,粉丝来信,夏光
473,郭耀嵘,24,粉丝来信,夏光
213,傅祥安,24,粉丝来信,李灵
468,赵伟钢,24,粉丝来信,李灵
777,孙礼杰,24,粉丝来信,李灵
26,胡芳洲,24,粉丝来信,丁宁
1305,张琛,24,粉丝来信,丁宁
1304,白倬铭,24,粉丝来信,蛰生
298,刘官卫,24,粉丝来信,马克梵
1323,叶麒圣,32,沉默的真相,江阳
267,胡迪,32,沉默的真相,江阳
498,纪晓坤,32,沉默的真相,江阳
299,顾易,32,沉默的真相,江阳
259,毛二,32,沉默的真相,江阳
265,姜彬,32,沉默的真相,严良
268,吴俊鹏,32,沉默的真相,严良
269,徐昊,32,沉默的真相,严良
716,张会芳,32,沉默的真相,李静
551,温雅祺,32,沉默的真相,李静
1324,王雪旌,32,沉默的真相,李静
272,江南,32,沉默的真相,李静
279,杨琳,32,沉默的真相,李静
285,刘乙萱,32,沉默的真相,玲玲
278,于佳鑫,32,沉默的真相,玲玲
284,陈旭,32,沉默的真相,玲玲
1325,张艺宝,32,沉默的真相,张超
312,刘牧,32,沉默的真相,张超
295,张云轩,32,沉默的真相,朱伟
175,桑可舟,32,沉默的真相,陈明章
296,刘政,32,沉默的真相,陈明章
313,王明龙,32,沉默的真相,陈明章
178,郝晓辉,32,沉默的真相,赵铁民
302,杜航,32,沉默的真相,赵铁民
314,毛寅东,32,沉默的真相,李建国
307,罗玉玲,32,沉默的真相,吴爱可
824,赵洪博,32,沉默的真相,岳军
315,周波,32,沉默的真相,岳军
300,田野,32,沉默的真相,岳军
242,丁伟,32,沉默的真相,孙红运
310,傅震华,32,沉默的真相,高栋
311,张益群,32,沉默的真相,高栋
297,何铭海,32,沉默的真相,高栋
305,钱蒙楠,32,沉默的真相,多功能1
316,饶恒宇,32,沉默的真相,多功能1
1326,胡洁,32,沉默的真相,多功能2
906,易群,32,沉默的真相,多功能3
323,邹子月,32,沉默的真相,多功能3
1327,何若水,32,沉默的真相,多功能3
1367,曹品,213,秋山吟,李轲
1368,周海莎,213,秋山吟,唐芊
1369,张诗玥,213,秋山吟,秋琰
1382,赵皓辰,397,Roulette轮盘,Pride
1383,李子妍,512,简·爱,里德
1384,陈雅媛,523,边城,演员
1385,刘仲轩,523,边城,演员
1386,卢智燊,523,边城,演员
1387,莫珏邦,523,边城,演员
1388,九是无名,145,琵琶行,白僖
1389,蔺彦沛,145,琵琶行,吴仁
1390,刘勇,145,琵琶行,诗人
1391,黎忆秦,145,琵琶行,少年白居易
1392,陈垚,145,琵琶行,少年湘灵
1393,梁梦瑶,145,琵琶行,中年湘灵
1401,铭亮,31,摘星辰,曜
1410,高品,31,摘星辰,曜
37,李宸希,31,摘星辰,李白
1409,张亚希,31,摘星辰,李白
263,瞿艺,31,摘星辰,李白
550,李炜鹏,31,摘星辰,李白
755,丁宇佳,31,摘星辰,庄周
1402,李霄云,31,摘星辰,庄周
1403,黄唯铭,31,摘星辰,庄周
1404,高天鹤,31,摘星辰,明世隐
293,孙豆尔,31,摘星辰,明世隐
1411,刘丁松,31,摘星辰,明世隐
1405,陈乐一,31,摘星辰,公孙离
308,张雅琪,31,摘星辰,公孙离
625,赵昀迪,31,摘星辰,公孙离
1416,杨璐,31,摘星辰,公孙离
1029,潘蕾蕾,31,摘星辰,瑶
286,湛嘉丽,31,摘星辰,瑶
1406,宋煊宁,31,摘星辰,瑶
1415,陈茜雅,31,摘星辰,瑶
1407,金天泽,31,摘星辰,云中君
1408,董志勇,31,摘星辰,东皇太一
1412,袁岱,31,摘星辰,东皇太一
1413,吴耿华,31,摘星辰,操偶师
1414,刘泽蓬,31,摘星辰,操偶师
1480,苏晗,214,想把我唱给您听,户妈妈
1482,郭美林子,214,想把我唱给您听,李晶晶
1481,韩玖诺,214,想把我唱给您听,李晶晶
1483,毕远峰,214,想把我唱给您听,流浪歌手
1471,礼朋,214,想把我唱给您听,王大爷
1484,童鹏宇,214,想把我唱给您听,桑大夫
1485,王驰,214,想把我唱给您听,李维斯
1486,梁熙彬,214,想把我唱给您听,女歌手
1487,刘轩宁,214,想把我唱给您听,小晶晶
1490,古尔阿日西雅,214,想把我唱给您听,其他
1489,彭珍芝,214,想把我唱给您听,其他
1488,王曼娜,214,想把我唱给您听,其他
1472,孙健文,214,想把我唱给您听,其他
1491,夏天,214,想把我唱给您听,其他
1492,樊星,214,想把我唱给您听,户可乙
1469,小柯,214,想把我唱给您听,户可乙
764,崔恩尔,57,狗和猫的时间,Raptor
261,郭嘉轩,57,狗和猫的时间,Raptor
333,刘阳,57,狗和猫的时间,Raptor
468,赵伟钢,57,狗和猫的时间,Raptor
1304,白倬铭,57,狗和猫的时间,Pluto
479,曹珺,57,狗和猫的时间,Pluto
20,余思冉,57,狗和猫的时间,Pluto
471,钟舜傲,57,狗和猫的时间,Pluto
550,李炜鹏,49,唐朝诡事录之曼陀罗,苏无名
480,于晓璘,49,唐朝诡事录之曼陀罗,苏无名
711,宗俊涛,49,唐朝诡事录之曼陀罗,苏无名
496,丁辉,49,唐朝诡事录之曼陀罗,卢凌风
1502,黄子弘凡,49,唐朝诡事录之曼陀罗,卢凌风
258,郑艺彬,49,唐朝诡事录之曼陀罗,卢凌风
174,周默涵,49,唐朝诡事录之曼陀罗,卢凌风
498,纪晓坤,49,唐朝诡事录之曼陀罗,谢雁
37,李宸希,49,唐朝诡事录之曼陀罗,谢雁
1515,李汶翰,49,唐朝诡事录之曼陀罗,谢雁
98,崔秀丽,49,唐朝诡事录之曼陀罗,姜落声
277,莫海婧,49,唐朝诡事录之曼陀罗,姜落声
499,孙乐仟,49,唐朝诡事录之曼陀罗,姜落声
1503,刘璐,49,唐朝诡事录之曼陀罗,柳莺莺
1504,宁梦恬,49,唐朝诡事录之曼陀罗,柳莺莺
286,湛嘉丽,49,唐朝诡事录之曼陀罗,柳莺莺
491,李乐尧,49,唐朝诡事录之曼陀罗,徐自
1505,王浩然,49,唐朝诡事录之曼陀罗,徐自
1506,王嘉,49,唐朝诡事录之曼陀罗,徐自
1507,刘宜林,49,唐朝诡事录之曼陀罗,罗一手
757,帕赛,49,唐朝诡事录之曼陀罗,罗一手
1508,王靖棋,49,唐朝诡事录之曼陀罗,罗一手
1509,杜豪洪,49,唐朝诡事录之曼陀罗,刘大
1510,李荣,49,唐朝诡事录之曼陀罗,陈氏
678,朱芷秋,49,唐朝诡事录之曼陀罗,陈氏
1511,林世杰,49,唐朝诡事录之曼陀罗,顾田
1512,文嫣,49,唐朝诡事录之曼陀罗,曼陀罗
1516,李思阳,49,唐朝诡事录之曼陀罗,曼陀罗
1514,姚佳慧,49,唐朝诡事录之曼陀罗,古筝
1513,杜子华,49,唐朝诡事录之曼陀罗,笛箫尺八
333,刘阳,3,我，堂吉诃德,塞万提斯/堂吉诃德
1538,党韫葳,3,我，堂吉诃德,阿尔东莎
218,刘浩冉,3,我，堂吉诃德,阿尔东莎
285,刘乙萱,3,我，堂吉诃德,阿尔东莎
1539,卞佳平,3,我，堂吉诃德,桑丘/侍从
1088,连江维,3,我，堂吉诃德,桑丘/侍从
1540,李金哲,3,我，堂吉诃德,旅店老板/司令
1541,武阳坤,3,我，堂吉诃德,卡拉斯科医生/公爵
1542,乐巍,3,我，堂吉诃德,神父/何塞
685,暴晓萱,3,我，堂吉诃德,管家
1543,米娅,3,我，堂吉诃德,管家
1544,郑正,3,我，堂吉诃德,佩德罗
1545,陈卓玥,3,我，堂吉诃德,安东尼娅
1546,郑玲,3,我，堂吉诃德,玛利亚
1547,蒋梦诗,3,我，堂吉诃德,理发师/费尔迪南
1548,李曌,3,我，堂吉诃德,审讯队长/帕科
1549,沈道灵,3,我，堂吉诃德,小驴/帕斯卡尓
1550,汪晓宇,3,我，堂吉诃德,小马/达里奥
1551,刘贺,3,我，堂吉诃德,加西亚
271,丁臻滢,47,画皮,白狐
1579,张馨元,47,画皮,白狐
1573,项裕,47,画皮,黑狐
102,赵穆宸,47,画皮,黑狐
259,毛二,47,画皮,王升
1578,孔孔成,47,画皮,王升
1574,税子洺,47,画皮,王升
1577,于洋,47,画皮,穆欣
1575,高金秀,47,画皮,穆欣
1576,周子钧,47,画皮,富贵
854,朱亚洲,47,画皮,富贵
1411,刘丁松,47,画皮,大帝/道长
295,张云轩,47,画皮,大帝/道长
1580,韩雪,7,白夜行,唐泽雪穗
30,刘令飞,7,白夜行,桐原亮司
258,郑艺彬,7,白夜行,园村友彦
1581,邱椿博,7,白夜行,高宫诚
242,丁伟,7,白夜行,笹垣润三
1582,张光磊,7,白夜行,桐原洋介
260,蔡淇,7,白夜行,筱冢一成
499,孙乐仟,7,白夜行,桐原弥生子/花冈夕子
1583,王赵沫妍,7,白夜行,藤村都子
1584,朱佳艳,7,白夜行,川岛江利子
475,张泽华,7,白夜行,筱冢美佳
31,何亮辰,117,面试,尤金
30,刘令飞,117,面试,辛克莱
294,张琦铭,7,白夜行,松浦勇
1587,范金锴,7,白夜行,中冢警官
515,许翀烨,7,白夜行,筱冢康晴
1588,刘禹彤,7,白夜行,西本文代
1589,翟诗曼,7,白夜行,唐泽礼子
1590,孙锋,7,白夜行,舞蹈队长
1591,李明哲,7,白夜行,舞蹈队长
1592,杨坤,7,白夜行,歌队/舞者
1593,许智淇,7,白夜行,歌队/舞者
1594,王鹏屹,7,白夜行,歌队/舞者
24,胡超政,7,白夜行,高宫诚
508,亚森,7,白夜行,笹垣润三
274,张沁丹,7,白夜行,桐原弥生子/花冈夕子
893,何郝熙,7,白夜行,筱冢美佳
1595,高小茜,7,白夜行,歌队/舞者
1596,孙铖,7,白夜行,歌队/舞者
1597,许伊瑶,7,白夜行,歌队/舞者
211,徐均朔,117,面试,辛克莱
284,陈旭,7,白夜行,唐泽礼子
498,纪晓坤,7,白夜行,筱冢一成
205,张智涵,4,我的遗愿清单,杨晓宇
496,丁辉,4,我的遗愿清单,杨晓宇
1306,张博俊,4,我的遗愿清单,刘宝
1607,邵玎,4,我的遗愿清单,刘宝
260,蔡淇,4,我的遗愿清单,杨晓宇
1538,党韫葳,48,最美的一天,许静雅
1012,李佳音,48,最美的一天,许静雅
1504,宁梦恬,48,最美的一天,大顺凡
289,周文嘉,48,最美的一天,大顺凡
472,冯远,48,最美的一天,小顺凡
1608,娄睿,48,最美的一天,小顺凡
474,马小乔,48,最美的一天,影子
1609,张曦文,48,最美的一天,影子
1620,钱海睿,13,两个人的谋杀,马库斯警官
507,张玮伦,13,两个人的谋杀,马库斯警官
22,庞盛之,13,两个人的谋杀,所有嫌疑犯
348,翟松,13,两个人的谋杀,所有嫌疑犯
266,施哲明,52,莎翁乐园,莎士比亚
345,祝颂皓,52,莎翁乐园,莎士比亚
712,高雨晨,52,莎翁乐园,哈姆雷特
470,杨皓晨,52,莎翁乐园,哈姆雷特
221,蛋蛋,52,莎翁乐园,罗密欧
507,张玮伦,52,莎翁乐园,罗密欧
287,陈玉婷,52,莎翁乐园,朱丽叶
20,余思冉,52,莎翁乐园,朱丽叶
305,钱蒙楠,79,少年歌行·梵音谣,萧瑟
1625,周宇杰,79,少年歌行·梵音谣,萧瑟
264,相征,79,少年歌行·梵音谣,雷无桀
575,徐佳文,79,少年歌行·梵音谣,雷无桀
682,邵立君,79,少年歌行·梵音谣,无心
1626,许昌泰,79,少年歌行·梵音谣,无心
299,顾易,176,孙伯符,孙策
346,阿拉丁,176,孙伯符,孙策
259,毛二,176,孙伯符,周瑜
577,汤佳明,176,孙伯符,周瑜
97,蔡忻如,176,孙伯符,吴夫人
771,赵嘉艳,176,孙伯符,吴夫人
242,丁伟,176,孙伯符,张纮
23,赵禹钧,176,孙伯符,张纮
1627,陈韬,176,孙伯符,袁术/黄祖
1628,钟汉良,176,孙伯符,袁术/黄祖
575,徐佳文,176,孙伯符,孙权
573,缪卓凡,176,孙伯符,孙权
495,于毅,1,I LOVE YOU…,MAN1
35,赵超凡,1,I LOVE YOU…,MAN1
222,徐奕然,1,I LOVE YOU…,MAN1
1304,白倬铭,1,I LOVE YOU…,MAN1
25,徐泽辉,1,I LOVE YOU…,MAN1
205,张智涵,1,I LOVE YOU…,MAN1
20,余思冉,1,I LOVE YOU…,WOMAN1
1629,贺梦洁,1,I LOVE YOU…,WOMAN1
899,张烜尔,1,I LOVE YOU…,WOMAN1
290,钱安琪,1,I LOVE YOU…,WOMAN1
507,张玮伦,1,I LOVE YOU…,MAN2
1620,钱海睿,1,I LOVE YOU…,MAN2
1630,袁野,1,I LOVE YOU…,MAN2
221,蛋蛋,1,I LOVE YOU…,MAN2
220,张梦嫣,1,I LOVE YOU…,WOMAN2
1631,张钟仪,1,I LOVE YOU…,WOMAN2
1632,韩霜,1,I LOVE YOU…,WOMAN2
1633,马青利,1,I LOVE YOU…,WOMAN2
1126,陈姝月,1,I LOVE YOU…,WOMAN2
844,王天择,1,I LOVE YOU…,MAN1
322,毛珏懿,1,I LOVE YOU…,WOMAN1
1161,王樵知,1,I LOVE YOU…,WOMAN2
712,高雨晨,1,I LOVE YOU…,MAN1
856,杨宇威,199,金鸣歌厅,达达
1647,徐晞城,199,金鸣歌厅,达达
858,曾鑫,199,金鸣歌厅,陆一棠
859,张毅凯,199,金鸣歌厅,陆一棠
256,张泽,133,周生如故,周生辰
1307,刘岩,133,周生如故,周生辰
96,徐瑶,133,周生如故,漼时宜
287,陈玉婷,133,周生如故,漼时宜
683,邓贤凌,133,周生如故,漼时宜
259,毛二,133,周生如故,刘子行
214,舒荣波,133,周生如故,刘子行
751,吴以瀚,133,周生如故,刘子行
404,李奇,133,周生如故,戚太后
835,黎宛曈,133,周生如故,戚太后
962,车鸣笛,133,周生如故,漼广
1648,陈铉之,133,周生如故,漼广
1649,孟源,133,周生如故,漼风
987,张艺,133,周生如故,漼风
322,毛珏懿,133,周生如故,幸华公主
290,钱安琪,133,周生如故,幸华公主
1266,黄奕申,39,绽放,老师
1651,林梦艾,12,灵魂摆渡之永生,女群
1652,莫玉滢,12,灵魂摆渡之永生,女群
1653,王冠华,12,灵魂摆渡之永生,女群
1654,王奕,12,灵魂摆渡之永生,女群
1655,邹楚瑜,12,灵魂摆渡之永生,女群
1657,高有顺,12,灵魂摆渡之永生,男群
1658,潘天国,12,灵魂摆渡之永生,男群
1506,王嘉,12,灵魂摆渡之永生,男群
1659,赵嘉豪,12,灵魂摆渡之永生,男群
1660,朱凯龙,12,灵魂摆渡之永生,男群
1656,陈炅明,12,灵魂摆渡之永生,男群
1661,段霁洛,11,阿波罗尼亚,Stevie
738,李俊成,1,I LOVE YOU…,钢琴
1662,孙航,1,I LOVE YOU…,小提琴
1663,茜仑,1,I LOVE YOU…,小提琴
1664,郑瑞诺,1,I LOVE YOU…,小提琴
1665,徐丽东,116,LIZZIE丽兹,LIZZIE
285,刘乙萱,116,LIZZIE丽兹,LIZZIE
775,丁辰西,116,LIZZIE丽兹,LIZZIE
473,郭耀嵘,116,LIZZIE丽兹,LIZZIE
143,严小北,116,LIZZIE丽兹,LIZZIE
716,张会芳,116,LIZZIE丽兹,LIZZIE
1666,杨舒妍,116,LIZZIE丽兹,LIZZIE
19,朱芾,116,LIZZIE丽兹,EMMA
776,杜鑫艳,116,LIZZIE丽兹,EMMA
271,丁臻滢,116,LIZZIE丽兹,EMMA
275,申霓,116,LIZZIE丽兹,EMMA
274,张沁丹,116,LIZZIE丽兹,EMMA
1667,郑涵一,116,LIZZIE丽兹,EMMA
219,李梓溪,116,LIZZIE丽兹,BRIDGET
683,邓贤凌,116,LIZZIE丽兹,BRIDGET
1668,刘烨,116,LIZZIE丽兹,BRIDGET
289,周文嘉,116,LIZZIE丽兹,BRIDGET
286,湛嘉丽,116,LIZZIE丽兹,BRIDGET
320,叶嘉雯,116,LIZZIE丽兹,BRIDGET
1126,陈姝月,116,LIZZIE丽兹,BRIDGET
1538,党韫葳,116,LIZZIE丽兹,ALICE
1504,宁梦恬,116,LIZZIE丽兹,ALICE
1669,王艺鸥,116,LIZZIE丽兹,ALICE
280,赵雨卉,116,LIZZIE丽兹,ALICE
288,王洁璐,116,LIZZIE丽兹,ALICE
620,米晨晨,116,LIZZIE丽兹,ALICE
171,明家歆,116,LIZZIE丽兹,ALICE
987,张艺,177,嘿！亚利桑那,怀亚特
1323,叶麒圣,55,道林格雷的画像,道林·格雷
256,张泽,55,道林格雷的画像,道林·格雷
1307,刘岩,55,道林格雷的画像,亨利·沃登
549,蔡鹏,55,道林格雷的画像,亨利·沃登
1674,余笛,55,道林格雷的画像,巴兹尔·霍尔沃德
267,胡迪,55,道林格雷的画像,巴兹尔·霍尔沃德
24,胡超政,55,道林格雷的画像,巴兹尔·霍尔沃德
218,刘浩冉,55,道林格雷的画像,西比尔·韦恩/夏罗·韦恩
764,崔恩尔,55,道林格雷的画像,西比尔·韦恩/夏罗·韦恩
274,张沁丹,55,道林格雷的画像,布兰登夫人
1173,苗梦初,55,道林格雷的画像,布兰登夫人
432,林荣康,176,孙伯符,孙河
1687,陈彦汗,176,孙伯符,孙河
104,黄天宇,176,孙伯符,黄盖
1688,李泓辰,176,孙伯符,黄盖
1689,王芳怡,176,孙伯符,舞女王氏
323,邹子月,176,孙伯符,舞女王氏
1690,徐琦皓,176,孙伯符,王朗
1691,李俊杰,176,孙伯符,王朗
1692,马羿,176,孙伯符,曹操
1693,胡翱沅,176,孙伯符,吕蒙
854,朱亚洲,176,孙伯符,吕蒙
321,卓群,176,孙伯符,全场多功能人
1577,于洋,176,孙伯符,全场多功能人
1694,刘放,176,孙伯符,全场多功能人
1695,任静怡,176,孙伯符,全场多功能人
1696,王杰,176,孙伯符,全场多功能人
1697,刘子赫,176,孙伯符,全场多功能人
1609,张曦文,176,孙伯符,全场多功能人
1588,刘禹彤,176,孙伯符,全场多功能人
1698,窦威,176,孙伯符,全场多功能人
1699,李瀚舒,176,孙伯符,全场多功能人
1700,尚一航,176,孙伯符,全场多功能人
1701,曹嘉月,176,孙伯符,全场多功能人
1702,陈道胜,176,孙伯符,全场多功能人
1703,宋远鹤,176,孙伯符,全场多功能人
1704,罗红坤,176,孙伯符,全场多功能人
29,阿云嘎,50,基督山伯爵,埃德蒙
495,于毅,50,基督山伯爵,埃德蒙
1323,叶麒圣,50,基督山伯爵,埃德蒙
1705,娄艺潇,50,基督山伯爵,梅茜苔丝
1665,徐丽东,50,基督山伯爵,梅茜苔丝
96,徐瑶,50,基督山伯爵,梅茜苔丝
265,姜彬,50,基督山伯爵,维尔福
95,夏振凯,50,基督山伯爵,维尔福
550,李炜鹏,50,基督山伯爵,费尔南
173,孙圣凯,50,基督山伯爵,费尔南
1539,卞佳平,50,基督山伯爵,贝尔图乔
177,孙葛川野,50,基督山伯爵,贝尔图乔
174,周默涵,50,基督山伯爵,贝内代托
1706,席同歌,50,基督山伯爵,贝内代托
1462,徐栋,50,基督山伯爵,贝内代托
1707,索朗顿珠,50,基督山伯爵,阿尔贝
1708,袁帅,50,基督山伯爵,阿尔贝
511,陈恬,50,基督山伯爵,瓦伦缇娜
1709,黄恩茹,50,基督山伯爵,瓦伦缇娜
1710,刘宇希,50,基督山伯爵,埃尔米娜
1711,苏晔,50,基督山伯爵,埃尔米娜
271,丁臻滢,50,基督山伯爵,海蒂
278,于佳鑫,50,基督山伯爵,海蒂
755,丁宇佳,50,基督山伯爵,波尚
1712,陈梓豪,50,基督山伯爵,波尚
175,桑可舟,50,基督山伯爵,法里亚
178,郝晓辉,50,基督山伯爵,法里亚
171,明家歆,50,基督山伯爵,瓦伦缇娜
37,李宸希,50,基督山伯爵,费尔南
1721,张弌铖,2,空中花园谋杀案,厨师长
1722,刘爽,2,空中花园谋杀案,孔艳艳
1723,张功长,2,空中花园谋杀案,赵医生
1724,罗欢,2,空中花园谋杀案,小护士
1725,李智浩,2,空中花园谋杀案,皮皮虾
1726,张亚茜,2,空中花园谋杀案,董事长夫人
1727,陈育新,2,空中花园谋杀案,董事长
1728,吕京,2,空中花园谋杀案,苏苏爸
1729,杨佐夫,2,空中花园谋杀案,苏苏
1730,郭炳琨,2,空中花园谋杀案,苏文静
682,邵立君,40,翻国王棋,玛尼
1665,徐丽东,45,安娜·卡列尼娜,安娜
716,张会芳,45,安娜·卡列尼娜,安娜
1740,洪之光,45,安娜·卡列尼娜,渥伦斯基
469,贾凡,45,安娜·卡列尼娜,渥伦斯基
1741,王艺清,45,安娜·卡列尼娜,卡列宁
1742,吴轶群,45,安娜·卡列尼娜,卡列宁
470,杨皓晨,45,安娜·卡列尼娜,列文
619,李明屿,45,安娜·卡列尼娜,列文
620,米晨晨,45,安娜·卡列尼娜,吉蒂
466,郭亢,45,安娜·卡列尼娜,列车长
102,赵穆宸,45,安娜·卡列尼娜,列车长
41,王峙儒,45,安娜·卡列尼娜,斯吉瓦
1030,宁馨儿,45,安娜·卡列尼娜,贝特西
1743,胡矿,45,安娜·卡列尼娜,渥伦斯卡娅
1745,熊郁菲,45,安娜·卡列尼娜,帕蒂
1744,徐晶晶,45,安娜·卡列尼娜,帕蒂
1746,何杉,45,安娜·卡列尼娜,谢尔巴茨公爵
1747,黄隽秋,45,安娜·卡列尼娜,谢尔巴茨卡娅
1546,郑玲,45,安娜·卡列尼娜,谢尔巴茨卡娅
763,冯鑫垚,45,安娜·卡列尼娜,吉蒂
1587,范金锴,215,双重危机,吉米·马丁
753,杨映宇,215,双重危机,吉米·马丁
758,邵奕磊,215,双重危机,吉米·马丁
345,祝颂皓,215,双重危机,吉米·马丁
855,赵霄汉,215,双重危机,吉米·马丁
826,李存贤,215,双重危机,鲍比·马丁
1188,潘龙,215,双重危机,鲍比·马丁
681,李政绪,215,双重危机,鲍比·马丁
1306,张博俊,215,双重危机,鲍比·马丁
1753,王杨,21,南唐后主,李从嘉
205,张智涵,21,南唐后主,李从嘉
674,王敏辉,21,南唐后主,李煜
25,徐泽辉,21,南唐后主,李煜
288,王洁璐,21,南唐后主,周娥皇
426,王梓庭,21,南唐后主,周娥皇
26,胡芳洲,21,南唐后主,李景遂
427,白瀚祥,21,南唐后主,李弘冀
1620,钱海睿,21,南唐后主,李弘冀
260,蔡淇,21,南唐后主,李从善
226,崔承宇,21,南唐后主,潘佑
1607,邵玎,21,南唐后主,潘佑
320,叶嘉雯,21,南唐后主,周女英
1595,高小茜,21,南唐后主,亡魂（林花）
1754,申帅,21,南唐后主,亡魂（林花）
223,徐杭,21,南唐后主,亡魂（梧桐）
228,周钰斐,21,南唐后主,亡魂（寒雨）
1755,叶秋,21,南唐后主,亡魂（玉钩）
292,倪晔,21,南唐后主,李景遂
232,吴志军,21,南唐后主,李弘冀
675,遇泓羊,21,南唐后主,李景遂
1756,任洪乐,21,南唐后主,李从善
238,赵钱龙,21,南唐后主,李从善
1757,陈薇,21,南唐后主,周女英
210,姜均,21,南唐后主,亡魂（玉钩）
1758,王佳璇,21,南唐后主,亡魂（林花）
194,刘晓邑,21,南唐后主,李弘冀
1768,刘晓燕,26,致命旋律,艾芙琳
1769,王款儿,26,致命旋律,艾芙琳
602,王帅,26,致命旋律,尼古拉斯
177,孙葛川野,26,致命旋律,尼古拉斯
758,邵奕磊,26,致命旋律,科伦
1770,尹贝希,26,致命旋律,艾芙琳
755,丁宇佳,26,致命旋律,尼古拉斯
756,姜崃,26,致命旋律,科伦
491,李乐尧,26,致命旋律,杰弗瑞
1771,赵磊,26,致命旋律,科伦
755,丁宇佳,12,灵魂摆渡之永生,穆尘
213,傅祥安,208,超时空同居,陆鸣/陆石屹
473,郭耀嵘,208,超时空同居,谷小焦
897,蔡馨怡,208,超时空同居,谷小焦
175,桑可舟,208,超时空同居,父亲/博士
26,胡芳洲,208,超时空同居,父亲/博士
1772,黄炜帆,208,超时空同居,多功能人
315,周波,208,超时空同居,多功能人
1089,高旭,208,超时空同居,多功能人
908,陈旭茂,208,超时空同居,多功能人
580,贾景伊,208,超时空同居,多功能人
1608,娄睿,208,超时空同居,多功能人
235,赵雅妮,208,超时空同居,多功能人
1773,刘艺诺,208,超时空同居,多功能人
1399,张铎,51,狄俄尼索斯,阿波罗
97,蔡忻如,51,狄俄尼索斯,狄俄尼索斯
30,刘令飞,46,卡拉马佐夫兄弟,伊万
269,徐昊,46,卡拉马佐夫兄弟,伊万
471,钟舜傲,46,卡拉马佐夫兄弟,伊万
16,金圣权,46,卡拉马佐夫兄弟,德米特里
261,郭嘉轩,46,卡拉马佐夫兄弟,斯乜尔加科夫
574,管重昊,54,辛吉路的画材店,卡路
763,冯鑫垚,216,Time Share House狂想曲,莫晓芸
1031,鲁芳岐,216,Time Share House狂想曲,莫晓芸
1029,潘蕾蕾,216,Time Share House狂想曲,莫晓芸
1776,高星衍,216,Time Share House狂想曲,周仁章
1777,孙一城,216,Time Share House狂想曲,周仁章
1778,杨少泽,216,Time Share House狂想曲,周仁章
1779,庞东轩,216,Time Share House狂想曲,莲叶
1780,朱羿达,216,Time Share House狂想曲,莲叶
755,丁宇佳,216,Time Share House狂想曲,狄辰
1781,邓烺怡,216,Time Share House狂想曲,狄辰
761,高尔金宝音,216,Time Share House狂想曲,狄辰
1782,彭兰乔,216,Time Share House狂想曲,Multi- girl
1769,王款儿,216,Time Share House狂想曲,Multi- girl
308,张雅琪,216,Time Share House狂想曲,Multi- girl
1209,李泽美,3,我，堂吉诃德,安东尼娅
1783,陶轶琪,3,我，堂吉诃德,玛利亚
1784,赵轩霆,3,我，堂吉诃德,加西亚
1785,胡轩豪,49,唐朝诡事录之曼陀罗,顾田
1786,顾明漪,49,唐朝诡事录之曼陀罗,陈氏
95,夏振凯,37,星际信使,伽利略
267,胡迪,37,星际信使,伽利略
205,张智涵,37,星际信使,开普勒
477,李苏霖,37,星际信使,开普勒
20,余思冉,37,星际信使,玛丽亚
472,冯远,37,星际信使,玛丽亚
1787,曹杨,37,星际信使,开普勒
17,郑棋元,91,赵氏孤儿,程婴
31,何亮辰,91,赵氏孤儿,屠岸贾
1210,赵凡嘉,91,赵氏孤儿,程勃
571,马灵奇,91,赵氏孤儿,程子灵魂
1795,薛佳凝,91,赵氏孤儿,晋国公主
18,朱梓溶,91,赵氏孤儿,程妻
22,庞盛之,91,赵氏孤儿,公孙杵臼
24,胡超政,91,赵氏孤儿,魏绛
1627,陈韬,91,赵氏孤儿,赵盾
1796,宗雪健,91,赵氏孤儿,韩厥
1797,谢馨仪,91,赵氏孤儿,宫女
211,徐均朔,91,赵氏孤儿,程勃
19,朱芾,91,赵氏孤儿,晋国公主
23,赵禹钧,91,赵氏孤儿,公孙杵臼
1812,戴宸,133,周生如故,周生辰
281,蒋倩如,204,嫌疑人X的献身,花冈靖子
1665,徐丽东,204,嫌疑人X的献身,花冈靖子
96,徐瑶,204,嫌疑人X的献身,花冈靖子
1813,王骏迪,204,嫌疑人X的献身,花冈靖子
205,张智涵,52,莎翁乐园,哈姆雷特
25,徐泽辉,52,莎翁乐园,罗密欧
218,刘浩冉,52,莎翁乐园,朱丽叶
1306,张博俊,18,也许美好结局,奥利弗
286,湛嘉丽,18,也许美好结局,克莱尔
473,郭耀嵘,18,也许美好结局,克莱尔
345,祝颂皓,18,也许美好结局,詹姆斯
265,姜彬,18,也许美好结局,詹姆斯
260,蔡淇,17,灯塔,怀恩
217,孙金瀚,68,女神在看,野狼
215,马良,148,忠诚,刘锦荣
95,夏振凯,148,忠诚,李伟民
384,喻越越,148,忠诚,韩爱珍
1826,鞠红川,148,忠诚,向晓辉
322,毛珏懿,148,忠诚,向晓玲
430,江泽辰,148,忠诚,王天平
1827,张呈吉,148,忠诚,阿毛
222,徐奕然,148,忠诚,黑皮
1828,方旭,148,忠诚,小贩
575,徐佳文,14,小说,格雷·亨特
1830,王子源,14,小说,格雷·亨特
178,郝晓辉,14,小说,休·戴克
226,崔承宇,14,小说,怀特·希斯曼
1323,叶麒圣,19,伪装者,明诚
267,胡迪,19,伪装者,明诚
1826,鞠红川,19,伪装者,明楼
333,刘阳,19,伪装者,明楼
35,赵超凡,19,伪装者,明台
238,赵钱龙,19,伪装者,明台
281,蒋倩如,19,伪装者,明镜
1836,潘莉,19,伪装者,明镜
275,申霓,19,伪装者,南田洋子
285,刘乙萱,19,伪装者,南田洋子
274,张沁丹,19,伪装者,南田洋子
23,赵禹钧,19,伪装者,王天风
1671,王哲,19,伪装者,王天风
229,恩妤,219,Amanda的三十八岁生日,Amanda
1842,张书豪,219,Amanda的三十八岁生日,李大山
310,傅震华,219,Amanda的三十八岁生日,李大山
301,张旭辰,219,Amanda的三十八岁生日,辰辰
2354,韩炜,152,使命必达,邹力
299,顾易,54,辛吉路的画材店,辛吉
1844,曹屿辰,54,辛吉路的画材店,卡路
1845,戴家晟,54,辛吉路的画材店,塞修
1846,武冠辰,199,金鸣歌厅,达达
861,郑文博,199,金鸣歌厅,陆一棠
1080,钟子崴,199,金鸣歌厅,陆一棠
1847,仇艺凝,199,金鸣歌厅,多功能
1848,高艺菲,199,金鸣歌厅,多功能
1849,李金城,199,金鸣歌厅,多功能
1850,唐一可,199,金鸣歌厅,多功能
1851,马宁伟,199,金鸣歌厅,多功能
304,徐步超,11,阿波罗尼亚,Oscar
956,李珏,15,桑塔露琪亚,Sonny Boy
602,王帅,15,桑塔露琪亚,Chi Chi
480,于晓璘,9,献给阿尔吉侬的花束,查理
1306,张博俊,9,献给阿尔吉侬的花束,查理
712,高雨晨,9,献给阿尔吉侬的花束,查理
762,吕润桐,9,献给阿尔吉侬的花束,爱丽丝
23,赵禹钧,9,献给阿尔吉侬的花束,尼姆
1087,郭俊宇,9,献给阿尔吉侬的花束,尼姆
1852,窦承俊,9,献给阿尔吉侬的花束,斯特劳斯
777,孙礼杰,9,献给阿尔吉侬的花束,斯特劳斯
1091,唐超,9,献给阿尔吉侬的花束,乔卡普
775,丁辰西,9,献给阿尔吉侬的花束,妈妈
757,帕赛,9,献给阿尔吉侬的花束,唐纳
1088,连江维,9,献给阿尔吉侬的花束,唐纳
841,曹牧之,9,献给阿尔吉侬的花束,金皮
771,赵嘉艳,9,献给阿尔吉侬的花束,范妮
1853,徐霖纳,213,秋山吟,唐芊
261,郭嘉轩,15,桑塔露琪亚,Sonny Boy
846,陈志,11,阿波罗尼亚,Stevie
507,张玮伦,11,阿波罗尼亚,Oscar
476,李磊,11,阿波罗尼亚,Richard
221,蛋蛋,11,阿波罗尼亚,Stevie
1856,熊梓淇,221,独行月球,独孤月
266,施哲明,221,独行月球,独孤月
1087,郭俊宇,221,独行月球,独孤月
267,胡迪,221,独行月球,葛生优
675,遇泓羊,221,独行月球,葛生优
1857,宗智煜,221,独行月球,袋鼠
1858,常浩泽,221,独行月球,袋鼠
834,曹小欠儿,221,独行月球,奶奶
1859,吕太良,221,独行月球,爷爷
1208,付翔,221,独行月球,行政长
348,翟松,221,独行月球,行政长
1085,于梦滢,221,独行月球,指挥长
1797,谢馨仪,221,独行月球,指挥长
1860,黄朝阳,221,独行月球,老公
1861,印小倩,221,独行月球,老婆
679,曾天,221,独行月球,老婆
1862,黄旖,221,独行月球,妹妹
1863,徐蜜聪,221,独行月球,妹妹
1864,张淞,221,独行月球,马拉松
1865,李铭祖,221,独行月球,马拉松
1866,何岳城,221,独行月球,多功能人
1867,杨磊,221,独行月球,多功能人
1868,李昌龙,221,独行月球,舞者
1869,郑嘉惠,221,独行月球,舞者
1870,季子晴,221,独行月球,舞者
1871,何聚霆,221,独行月球,舞者
1872,朱婷,221,独行月球,舞者
1873,陈沫儿,221,独行月球,舞者
1874,刘畅,221,独行月球,舞者
1875,宋鳃鹏,221,独行月球,舞者
16,金圣权,187,家,高觉新
81,郑欣闻笛,187,家,李瑞珏
500,田依凡,187,家,钱梅芬
259,毛二,187,家,高觉慧
1893,范卫华,187,家,周氏
1894,梅杰,187,家,高老太爷
171,明家歆,187,家,李瑞珏
826,李存贤,187,家,高觉慧
1895,毛云飞,187,家,高觉民
608,邓欣锐,187,家,高觉民
1896,徐圣兹,11,阿波罗尼亚,Oscar
1687,陈彦汗,51,狄俄尼索斯,普罗辛诺斯/无名的人/阿里阿德涅/警察
321,卓群,51,狄俄尼索斯,狄俄尼索斯
178,郝晓辉,26,致命旋律,杰弗瑞
285,刘乙萱,26,致命旋律,艾芙琳
1897,陈煜生,26,致命旋律,杰弗瑞
1511,林世杰,17,灯塔,霍普
863,唐浩瑜,17,灯塔,霍普
1898,张弋,17,灯塔,守塔人
780,黄偲,40,翻国王棋,弗雷
755,丁宇佳,40,翻国王棋,奥尔森
1753,王杨,40,翻国王棋,奥尔森
280,赵雨卉,40,翻国王棋,伊敦
472,冯远,116,LIZZIE丽兹,BRIDGET
570,白一博,74,月亮与六便士,查尔斯
1900,刘杨,74,月亮与六便士,艾米&老板娘
300,田野,74,月亮与六便士,查尔斯
1517,俄吉古古,74,月亮与六便士,威廉&斯特里夫
1324,王雪旌,74,月亮与六便士,布兰琪&爱塔
1901,赵云霄,31,摘星辰,东皇太一
1902,张心心,31,摘星辰,公孙离
305,钱蒙楠,67,嗜血博士,乔纳森
30,刘令飞,83,危险游戏,理查德
468,赵伟钢,83,危险游戏,理查德
467,钟嘉诚,83,危险游戏,理查德
470,杨皓晨,83,危险游戏,理查德
269,徐昊,83,危险游戏,理查德
481,王培杰,83,危险游戏,理查德
471,钟舜傲,83,危险游戏,理查德
478,夏阳,83,危险游戏,内森
259,毛二,83,危险游戏,内森
301,张旭辰,83,危险游戏,内森
477,李苏霖,83,危险游戏,内森
1903,冒海飞,83,危险游戏,内森
105,刘一谷,35,威尼斯商人,巴萨尼奥
751,吴以瀚,35,威尼斯商人,安东尼奥
263,瞿艺,10,FLAMES火焰,爱德蒙
1917,蔡璐,10,FLAMES火焰,梅瑞狄斯
296,刘政,10,FLAMES火焰,爱德蒙
212,郭虹旭,10,FLAMES火焰,埃里克
1066,龚子棋,10,FLAMES火焰,爱德蒙
1068,朱子尧,10,FLAMES火焰,爱德蒙
285,刘乙萱,10,FLAMES火焰,梅瑞狄斯
1918,尤宣程,23,Little Jack小杰克,Jack
570,白一博,94,谋杀歌谣,Tom
24,胡超政,128,烟雾,超
265,姜彬,128,烟雾,超
333,刘阳,128,烟雾,超
476,李磊,128,烟雾,海
174,周默涵,128,烟雾,海
764,崔恩尔,128,烟雾,红
715,周惠怡,128,烟雾,红
466,郭亢,112,如果,刘牧
895,万钰彬,112,如果,刘牧
968,王逸飞,112,如果,刘牧
219,李梓溪,112,如果,李雨墨
1504,宁梦恬,112,如果,李雨墨
216,李秋盟,112,如果,余西
215,马良,112,如果,余西
675,遇泓羊,112,如果,余西
1538,党韫葳,112,如果,Mandy
1012,李佳音,112,如果,Mandy
220,张梦嫣,112,如果,Mandy
19,朱芾,112,如果,Mandy
1919,孙之骥,177,嘿！亚利桑那,怀亚特
1920,王子初,177,嘿！亚利桑那,哈利
1861,印小倩,177,嘿！亚利桑那,简
755,丁宇佳,177,嘿！亚利桑那,比利
835,黎宛曈,43,香水之谜,凯瑟琳娜/罗西娜
625,赵昀迪,43,香水之谜,凯瑟琳娜/罗西娜
1190,覃一凡,43,香水之谜,凯瑟琳娜/罗西娜
1163,韩逸秋,43,香水之谜,多梅尼克/保罗
830,孙敬贤,43,香水之谜,多梅尼克/保罗
1921,郭泽学,43,香水之谜,多梅尼克/保罗
296,刘政,43,香水之谜,多梅尼克/保罗
1922,胡天祺,43,香水之谜,亨利二世/安东尼
1923,杨辰一,43,香水之谜,亨利二世/安东尼
1924,姜可夏,43,香水之谜,夜莺
1925,秦雨,43,香水之谜,夜莺
1926,谢金格,43,香水之谜,夜莺
1584,朱佳艳,43,香水之谜,夜莺
216,李秋盟,16,宇宙大明星,NoVA
270,王瀚宇,16,宇宙大明星,NoVA
1769,王款儿,16,宇宙大明星,NoVA
139,周可人,16,宇宙大明星,NoVA
842,郝李英杰,16,宇宙大明星,O126
1506,王嘉,16,宇宙大明星,O126
1719,阿杰,16,宇宙大明星,老板
1941,孙路路,16,宇宙大明星,老板
758,邵奕磊,16,宇宙大明星,老板
1942,杨天翔,16,宇宙大明星,老板
1943,张福正,16,宇宙大明星,老板
473,郭耀嵘,16,宇宙大明星,NoVA
1344,陈楷,16,宇宙大明星,老板
1826,鞠红川,16,宇宙大明星,老板
476,李磊,16,宇宙大明星,老板
771,赵嘉艳,16,宇宙大明星,老板
174,周默涵,16,宇宙大明星,老板
1903,冒海飞,16,宇宙大明星,老板
843,牛博为,16,宇宙大明星,O126
1304,白倬铭,16,宇宙大明星,老板
1538,党韫葳,16,宇宙大明星,老板
1651,林梦艾,16,宇宙大明星,老板
1188,潘龙,16,宇宙大明星,老板
282,王子浠,16,宇宙大明星,老板
1669,王艺鸥,16,宇宙大明星,老板
1306,张博俊,16,宇宙大明星,老板
958,左溢,16,宇宙大明星,老板
1495,姚迪,128,烟雾,乐手
316,饶恒宇,75,呼救HELP,影子
321,卓群,75,呼救HELP,费欧娜
906,易群,75,呼救HELP,费欧娜
854,朱亚洲,75,呼救HELP,影子
279,杨琳,75,呼救HELP,克莱尔
1159,强东玥,75,呼救HELP,费欧娜
277,莫海婧,75,呼救HELP,克莱尔
570,白一博,75,呼救HELP,影子
481,王培杰,14,小说,格雷·亨特
480,于晓璘,14,小说,格雷·亨特
212,郭虹旭,14,小说,格雷·亨特
1903,冒海飞,14,小说,怀特·希斯曼
674,王敏辉,14,小说,怀特·希斯曼
175,桑可舟,14,小说,休·戴克
1630,袁野,14,小说,休·戴克
288,王洁璐,33,致爱,艾丽莎
472,冯远,33,致爱,艾丽莎
683,邓贤凌,33,致爱,艾丽莎
280,赵雨卉,33,致爱,艾丽莎
289,周文嘉,33,致爱,艾丽莎
219,李梓溪,33,致爱,艾丽莎
143,严小北,33,致爱,艾丽莎
1659,赵嘉豪,33,致爱,付平安
1082,王桓,33,致爱,付平安
1080,钟子崴,33,致爱,付平安
1306,张博俊,33,致爱,付平安
777,孙礼杰,33,致爱,付平安
1304,白倬铭,33,致爱,付平安
213,傅祥安,33,致爱,付平安
1344,陈楷,33,致爱,付平安
961,林大钦,33,致爱,付平安
1674,余笛,225,浮生六记,沈复
345,祝颂皓,225,浮生六记,沈复
288,王洁璐,225,浮生六记,陈芸
771,赵嘉艳,225,浮生六记,陈芸
1971,钟嘉媚,225,浮生六记,天人
510,蒋依敏,225,浮生六记,天人
1972,唐雨菲,225,浮生六记,天人
1190,覃一凡,225,浮生六记,天人
472,冯远,225,浮生六记,天人
785,孙澜月,225,浮生六记,天人
272,江南,38,青春禁忌游戏,叶莲娜
775,丁辰西,38,青春禁忌游戏,叶莲娜
425,方书剑,38,青春禁忌游戏,瓦洛佳
841,曹牧之,38,青春禁忌游戏,瓦洛佳
496,丁辉,38,青春禁忌游戏,瓦洛佳
1573,项裕,38,青春禁忌游戏,维佳
482,朱微之,38,青春禁忌游戏,维佳
1306,张博俊,38,青春禁忌游戏,维佳
1973,刘彬濠,38,青春禁忌游戏,巴沙
264,相征,38,青春禁忌游戏,巴沙
774,孙叶雨,38,青春禁忌游戏,拉拉
143,严小北,38,青春禁忌游戏,拉拉
1708,袁帅,38,青春禁忌游戏,巴沙
267,胡迪,38,青春禁忌游戏,巴沙
762,吕润桐,38,青春禁忌游戏,叶莲娜
1974,于妍,38,青春禁忌游戏,拉拉
226,崔承宇,79,少年歌行·梵音谣,萧瑟
917,王国栋,79,少年歌行·梵音谣,萧瑟
1827,张呈吉,79,少年歌行·梵音谣,雷无桀
2003,孟雨,79,少年歌行·梵音谣,雷无桀
2004,张一凡,79,少年歌行·梵音谣,雷无桀
2005,张晟嘉,79,少年歌行·梵音谣,雷无桀
573,缪卓凡,79,少年歌行·梵音谣,无心
2006,陈诗,79,少年歌行·梵音谣,无心
2007,汤邵文,79,少年歌行·梵音谣,无心
2008,王梓,79,少年歌行·梵音谣,多功能
2009,赵洋,79,少年歌行·梵音谣,多功能
2010,虞晓旭,79,少年歌行·梵音谣,多功能
1986,达尔,79,少年歌行·梵音谣,多功能
227,赵丹霓,185,寻找家人,刘福春奶奶
834,曹小欠儿,185,寻找家人,池桂兰奶奶
1370,宋周鑫,185,寻找家人,咕咕
572,施天玮,185,寻找家人,喵喵
213,傅祥安,185,寻找家人,汪汪
2011,梁朋杰,185,寻找家人,喵喵
2012,刘羿含,185,寻找家人,池桂兰奶奶
17,郑棋元,92,夜半歌声,宋丹萍
496,丁辉,92,夜半歌声,宋丹萍
467,钟嘉诚,92,夜半歌声,宋丹萍
384,喻越越,92,夜半歌声,绿蝶
473,郭耀嵘,92,夜半歌声,绿蝶
357,年蔓婷,92,夜半歌声,绿蝶
2017,张诗漫,92,夜半歌声,绿蝶
144,陆宇鹏,92,夜半歌声,孙晓鸥
571,马灵奇,92,夜半歌声,孙晓鸥
2018,江珊,92,夜半歌声,徐阿嬷
509,徐梦,92,夜半歌声,徐阿嬷
242,丁伟,92,夜半歌声,许维邦
1209,李泽美,92,夜半歌声,琳达
2019,徐钰斐,92,夜半歌声,琳达
2020,王珏语涵,92,夜半歌声,红柳
2022,张晓宇,92,夜半歌声,红柳
2021,冯兰婷,92,夜半歌声,红柳
482,朱微之,92,夜半歌声,费南
2023,黄湙云,92,夜半歌声,老冀
2024,赵雨阳,92,夜半歌声,罗杰
2025,袁梦轩,92,夜半歌声,罗杰
20,余思冉,117,面试,乔安
715,周惠怡,117,面试,乔安
437,王诗培,117,面试,键盘
2028,李泽楷,238,这里冬天不下雪,徐家俊
1585,黄晓婕,238,这里冬天不下雪,夏晓雪
2029,王尊强,238,这里冬天不下雪,王阿婆
2030,王璀璇,238,这里冬天不下雪,洪伟杰
896,余镇鳌,171,醉后赢家,李丁一
1089,高旭,171,醉后赢家,杨鼎天
1208,付翔,171,醉后赢家,杨鼎天
1861,印小倩,171,醉后赢家,信佳佳
1866,何岳城,171,醉后赢家,周大福
684,吴杭律,171,醉后赢家,杜海燕
264,相征,171,醉后赢家,李丁一
864,周靖杰,171,醉后赢家,杨鼎天
774,孙叶雨,171,醉后赢家,杜海燕
747,杨君军,171,醉后赢家,李丁一
2031,王子艺,171,醉后赢家,杨鼎天
2032,马小辈儿,171,醉后赢家,周大福
2033,李雪银,171,醉后赢家,信佳佳
1400,许沁,171,醉后赢家,杜海燕
278,于佳鑫,171,醉后赢家,杜海燕
1506,王嘉,171,醉后赢家,周大福
1769,王款儿,171,醉后赢家,信佳佳
2034,林瀚青,171,醉后赢家,杨鼎天
2035,葛泽扬,171,醉后赢家,杜海燕
2036,肖咏轩,171,醉后赢家,周大福
2037,周媛媛,171,醉后赢家,杜海燕
2038,田格,171,醉后赢家,信佳佳
625,赵昀迪,171,醉后赢家,杜海燕
303,刘钊,171,醉后赢家,李丁一
1190,覃一凡,171,醉后赢家,信佳佳
574,管重昊,83,危险游戏,理查德
264,相征,83,危险游戏,理查德
479,曹珺,83,危险游戏,理查德
427,白瀚祥,83,危险游戏,理查德
496,丁辉,83,危险游戏,理查德
491,李乐尧,34,银河铁道之夜,康贝瑞拉
298,刘官卫,34,银河铁道之夜,康贝瑞拉
574,管重昊,34,银河铁道之夜,康贝瑞拉
27,殷浩伦,34,银河铁道之夜,乔班尼
1307,刘岩,204,嫌疑人X的献身,石神哲哉
1903,冒海飞,204,嫌疑人X的献身,石神哲哉
1323,叶麒圣,204,嫌疑人X的献身,石神哲哉
1189,马海生,204,嫌疑人X的献身,石神哲哉
259,毛二,204,嫌疑人X的献身,石神哲哉
481,王培杰,204,嫌疑人X的献身,汤川学
2041,王啸坤,204,嫌疑人X的献身,汤川学
270,王瀚宇,204,嫌疑人X的献身,汤川学
269,徐昊,204,嫌疑人X的献身,汤川学
1020,杜钇樵,20,无法访问,林嘉怡
1084,王玙璠,20,无法访问,林嘉怡
2042,谭睿蕾,20,无法访问,李梦
299,顾易,20,无法访问,窦豆
1593,许智淇,20,无法访问,窦豆
224,李泽熙,20,无法访问,姜大海
1305,张琛,20,无法访问,姜大海
482,朱微之,58,传说,阿南
620,米晨晨,58,传说,小竹
2050,牟溢,58,传说,老城主
2023,黄湙云,58,传说,大壮
2051,任晓芳,58,传说,大壮媳妇
1694,刘放,58,传说,阿福
104,黄天宇,58,传说,阿财
2052,张菁,58,传说,姐姐 & 宫女
2053,肖颖婕,58,传说,妹妹
579,洪果,58,传说,村民
2054,王晶,58,传说,村民
2055,贾丽洋,58,传说,村民
2056,莫珂,58,传说,村民
619,李明屿,58,传说,村民
1778,杨少泽,58,传说,村民
1323,叶麒圣,76,阴天,金祐镇
471,钟舜傲,76,阴天,金祐镇
467,钟嘉诚,76,阴天,金祐镇
716,张会芳,76,阴天,尹心惪
428,李炜铃,76,阴天,尹心惪
473,郭耀嵘,76,阴天,尹心惪
1665,徐丽东,76,阴天,尹心惪
468,赵伟钢,76,阴天,神秘男子
481,王培杰,76,阴天,神秘男子
1400,许沁,87,爱，死机了,王初初
763,冯鑫垚,87,爱，死机了,王初初
764,崔恩尔,87,爱，死机了,王初初
2070,魏瑾,87,爱，死机了,王初初
602,王帅,87,爱，死机了,方崇心
2071,周晓芃,87,爱，死机了,方崇心
603,李卓远,87,爱，死机了,方崇心
604,梁汉,87,爱，死机了,方崇心
262,舒杨,32,沉默的真相,江阳
288,王洁璐,32,沉默的真相,李静
273,丁汀,32,沉默的真相,玲玲
1630,袁野,32,沉默的真相,张超
348,翟松,32,沉默的真相,陈明章
304,徐步超,32,沉默的真相,赵铁民
899,张烜尔,32,沉默的真相,吴爱可
1126,陈姝月,32,沉默的真相,吴爱可
680,智博闻,32,沉默的真相,岳军
283,陈希琰,32,沉默的真相,玲玲
19,朱芾,6,近乎正常,戴安娜
23,赵禹钧,6,近乎正常,丹
211,徐均朔,6,近乎正常,加布
712,高雨晨,6,近乎正常,加布
143,严小北,6,近乎正常,娜塔莉
1344,陈楷,6,近乎正常,亨利
1542,乐巍,6,近乎正常,郝医生/风医生
238,赵钱龙,228,苏州河北岸,松耀
1082,王桓,228,苏州河北岸,松耀
2075,秦子然,228,苏州河北岸,小英
2076,侯睿,228,苏州河北岸,小英
2077,黄筱琳,228,苏州河北岸,仙娜
2078,王闻乐,228,苏州河北岸,仙娜
968,王逸飞,228,苏州河北岸,雅科夫
2079,康嘉诚,228,苏州河北岸,雅科夫
26,胡芳洲,228,苏州河北岸,铃木
239,霍泽安,228,苏州河北岸,铃木
2080,刘铭杰,228,苏州河北岸,林先生
1659,赵嘉豪,228,苏州河北岸,伊萨克
96,徐瑶,124,马不停蹄的忧伤Ⅱ,秦岚
473,郭耀嵘,124,马不停蹄的忧伤Ⅱ,秦岚
1903,冒海飞,124,马不停蹄的忧伤Ⅱ,刘夏
467,钟嘉诚,124,马不停蹄的忧伤Ⅱ,刘夏
471,钟舜傲,124,马不停蹄的忧伤Ⅱ,佟小贤
301,张旭辰,124,马不停蹄的忧伤Ⅱ,佟小贤
1306,张博俊,124,马不停蹄的忧伤Ⅱ,佟小贤
1084,王玙璠,124,马不停蹄的忧伤Ⅱ,林宝笙
894,田梦,124,马不停蹄的忧伤Ⅱ,林宝笙
1668,刘烨,124,马不停蹄的忧伤Ⅱ,林艳梅
776,杜鑫艳,124,马不停蹄的忧伤Ⅱ,林艳梅
1220,李松楠,124,马不停蹄的忧伤Ⅱ,秦岚妈妈
2081,黄瑞珺,124,马不停蹄的忧伤Ⅱ,秦岚妈妈
350,马学良,124,马不停蹄的忧伤Ⅱ,秦岚爸爸
1517,俄吉古古,124,马不停蹄的忧伤Ⅱ,秦峰
580,贾景伊,124,马不停蹄的忧伤Ⅱ,多功能人
2082,王晶琬,124,马不停蹄的忧伤Ⅱ,多功能人
741,黄发强,124,马不停蹄的忧伤Ⅱ,多功能人
1018,李子涵,124,马不停蹄的忧伤Ⅱ,多功能人
2092,林彦俊,36,我在时间尽头等你,林格
346,阿拉丁,36,我在时间尽头等你,林格
2093,王涵宇,36,我在时间尽头等你,卢晨
2094,赵晏伯,36,我在时间尽头等你,卢晨
170,潘艺琳,36,我在时间尽头等你,邱倩
2033,李雪银,36,我在时间尽头等你,梅依
143,严小北,36,我在时间尽头等你,梅依
1540,李金哲,36,我在时间尽头等你,老板
102,赵穆宸,36,我在时间尽头等你,老板
2095,王上斌,36,我在时间尽头等你,老板
2096,卢天,187,家,高觉新
2097,陈檀雅,187,家,李瑞珏
2098,王艺璇,187,家,钱梅芬
2099,余李敦,187,家,高觉慧
2100,张真源,187,家,高觉慧
2101,郑玥,187,家,周氏
2102,开思源,187,家,高老太爷
2103,马超,187,家,高觉民
299,顾易,150,吸血鬼亚瑟,亚瑟
1188,潘龙,150,吸血鬼亚瑟,亚瑟
862,施博威,150,吸血鬼亚瑟,亚瑟
780,黄偲,150,吸血鬼亚瑟,约翰
1083,刘勃汐,150,吸血鬼亚瑟,约翰
713,赵毅劼,150,吸血鬼亚瑟,约翰
2105,罗唯豪,150,吸血鬼亚瑟,约翰
287,陈玉婷,150,吸血鬼亚瑟,艾玛
2104,邱鑫悦,150,吸血鬼亚瑟,艾玛
897,蔡馨怡,150,吸血鬼亚瑟,艾玛
1626,许昌泰,150,吸血鬼亚瑟,亚瑟
306,彭筱涵,150,吸血鬼亚瑟,艾玛
2110,欧阳乔子,74,月亮与六便士,艾米&老板娘
2111,陈昊宇,76,阴天,尹心惪
2112,黄龄,76,阴天,尹心惪
98,崔秀丽,76,阴天,尹心惪
261,郭嘉轩,76,阴天,神秘男子
312,刘牧,76,阴天,金祐镇
579,洪果,187,家,鸣凤
1883,李雄辉,187,家,冯老太爷
1503,刘璐,187,家,陈姨太
1892,陈宁,187,家,琴表妹
2132,蒋博宁,187,家,高克安
2133,杨天睿,187,家,高克定
2134,塔米拉,187,家,高克明
2135,白硕,187,家,沈氏
2136,高艺娜仁,187,家,王氏
2137,张延上茗,187,家,巫师
2138,浦弘斐,187,家,小六子
2139,李佳颖,187,家,婉儿
2140,郭钰,187,家,喜娘
2141,张颖菲,187,家,鸣凤
2142,窦程程,187,家,琴表妹
2143,马尚之,187,家,高克安
2144,刘子壮,187,家,高克定
2145,艾虹霖,187,家,高克定
2146,刘开来,187,家,高克明
2147,许环亚,187,家,王氏
2148,王瑞溪,187,家,沈氏
2149,刘依萍,187,家,陈姨太
2150,张力夫,187,家,冯老太爷
2037,周媛媛,221,独行月球,奶奶
2151,牛炯文,221,独行月球,老公
2158,钱可欣,216,Time Share House狂想曲,Multi- girl
268,吴俊鹏,90,摇滚年代,Drew
263,瞿艺,90,摇滚年代,Drew
577,汤佳明,90,摇滚年代,Drew
277,莫海婧,90,摇滚年代,Sherrie
1159,强东玥,90,摇滚年代,Sherrie
1066,龚子棋,90,摇滚年代,Stacce
262,舒杨,90,摇滚年代,Stacce
482,朱微之,90,摇滚年代,Stacce
570,白一博,90,摇滚年代,Stacce
2162,张忆亚,90,摇滚年代,Lonny
312,刘牧,90,摇滚年代,Lonny
572,施天玮,90,摇滚年代,Lonny
963,刘瀚聪,90,摇滚年代,Lonny
242,丁伟,90,摇滚年代,Dennis
296,刘政,90,摇滚年代,Dennis
297,何铭海,90,摇滚年代,Dennis
274,张沁丹,90,摇滚年代,Justice
776,杜鑫艳,90,摇滚年代,Justice
698,王壹,90,摇滚年代,Hertz
824,赵洪博,90,摇滚年代,Franz
2163,刘泉君,90,摇滚年代,Franz
2164,楚笛,90,摇滚年代,Regina
280,赵雨卉,90,摇滚年代,Regina
321,卓群,90,摇滚年代,Regina
316,饶恒宇,90,摇滚年代,Multiman
854,朱亚洲,90,摇滚年代,Multiman
2165,王炳,90,摇滚年代,Ensemble
431,苗宸宇,90,摇滚年代,Ensemble
2110,欧阳乔子,90,摇滚年代,Ensemble
236,周显波,90,摇滚年代,Ensemble
324,陈佳佳,90,摇滚年代,Ensemble
291,刘晓,90,摇滚年代,Ensemble
1326,胡洁,90,摇滚年代,Ensemble
2166,周煜彬,90,摇滚年代,Ensemble
1753,王杨,103,梦微之,白居易
1626,许昌泰,103,梦微之,白居易
896,余镇鳌,103,梦微之,白居易
2168,沈育奇,103,梦微之,白居易
2169,卢翰林,103,梦微之,元稹
2170,叶宇锋,103,梦微之,元稹
476,李磊,103,梦微之,元稹
824,赵洪博,103,梦微之,元稹
899,张烜尔,177,嘿！亚利桑那,约瑟芬
474,马小乔,177,嘿！亚利桑那,简
963,刘瀚聪,177,嘿！亚利桑那,比利
2175,孔维,187,家,陈姨太
2176,高闻天,187,家,小六子
2177,程雅昭,187,家,婉儿
303,刘钊,26,致命旋律,科伦
2178,项倩,26,致命旋律,艾芙琳
972,杨博皓,26,致命旋律,尼古拉斯
864,周靖杰,26,致命旋律,杰弗瑞
2179,郑金铠,11,阿波罗尼亚,Richard
2180,王常凯,11,阿波罗尼亚,Oscar
984,李坤嘉,11,阿波罗尼亚,Stevie
2181,王博睿,11,阿波罗尼亚,Richard
292,倪晔,204,嫌疑人X的献身,富樫&工藤
293,孙豆尔,204,嫌疑人X的献身,富樫&工藤
175,桑可舟,204,嫌疑人X的献身,富樫&工藤
677,廖婧媛,204,嫌疑人X的献身,花冈美里
580,贾景伊,204,嫌疑人X的献身,花冈美里
318,潘珏辰,204,嫌疑人X的献身,花冈美里
303,刘钊,204,嫌疑人X的献身,草薙俊平
264,相征,204,嫌疑人X的献身,草薙俊平
305,钱蒙楠,204,嫌疑人X的献身,草薙俊平
283,陈希琰,204,嫌疑人X的献身,内海薰
321,卓群,204,嫌疑人X的献身,内海薰
582,杨颖,204,嫌疑人X的献身,内海薰
171,明家歆,112,如果,李雨墨
294,张琦铭,70,阿尔托，梵高,博士
1169,赵嘉恒,11,阿波罗尼亚,Oscar
17,郑棋元,73,星辰,李想
1826,鞠红川,73,星辰,李想
2208,王一哲,73,星辰,丁之遥
1973,刘彬濠,73,星辰,丁之遥
174,周默涵,73,星辰,丁之遥
2209,刘美麟,73,星辰,林春晓
2210,计听然,73,星辰,林春晓
178,郝晓辉,73,星辰,肖胜利
2023,黄湙云,73,星辰,肖胜利
2211,程龙,73,星辰,肖胜利
1540,李金哲,73,星辰,邓锋
1256,淮梓伦,73,星辰,邓锋
1030,宁馨儿,73,星辰,张杰妮
1261,王迎月圆,73,星辰,张杰妮
2212,黄琦雯,73,星辰,张杰妮
1263,桑云龙,73,星辰,老渔夫
2213,李胜军,73,星辰,老渔夫
2216,杨闫乐,61,剧院魅影,安德烈先生
496,丁辉,237,丝路之声,Joey
357,年蔓婷,237,丝路之声,心慧/素素
1462,徐栋,237,丝路之声,刘子衡
2217,袁也,237,丝路之声,许平儿
2218,安婧祎,237,丝路之声,许平儿
2219,谭建业,237,丝路之声,储君
1842,张书豪,237,丝路之声,储君
2220,吴凯泽,237,丝路之声,老班头
2221,杨雨婷,237,丝路之声,大娘
2222,孙紫薇,237,丝路之声,大娘
2223,孙晶俐,237,丝路之声,二娘
2225,闫栋,237,丝路之声,王磬
2226,殷赫阳,237,丝路之声,王磬
2224,林梦圆,237,丝路之声,三娘
2227,梁广,237,丝路之声,Joey
2228,田恬,237,丝路之声,心慧/素素
2229,江柏成,237,丝路之声,刘子衡
2230,贺童童,237,丝路之声,二娘
2231,魏卓妍,237,丝路之声,三娘
2232,张新川,237,丝路之声,刘子衡
356,李向哲,237,丝路之声,Joey
295,张云轩,237,丝路之声,储君
831,方银河,237,丝路之声,老班头
2216,杨闫乐,237,丝路之声,王磬
847,朱亮,237,丝路之声,Joey
964,宋凯文,237,丝路之声,Joey
959,董豫辰,15,桑塔露琪亚,Stevie
1032,王浩楠,15,桑塔露琪亚,Chi Chi
852,陈科铭,15,桑塔露琪亚,Sonny Boy
576,王颢珏,50,基督山伯爵,阿尔贝
478,夏阳,54,辛吉路的画材店,塞修
265,姜彬,117,面试,尤金
2026,徐晓玥,238,这里冬天不下雪,多功能女
1586,MOSSA（壹指团体）,238,这里冬天不下雪,Rapper
2027,刘柏辰,238,这里冬天不下雪,多功能男
1370,宋周鑫,51,狄俄尼索斯,阿波罗
2007,汤邵文,51,狄俄尼索斯,安普罗斯
2181,王博睿,26,致命旋律,尼古拉斯
2281,张金鑫,26,致命旋律,尼古拉斯
2282,樊哲,26,致命旋律,尼古拉斯
975,王世鑫,26,致命旋律,科伦
2283,王佑名,26,致命旋律,科伦
979,范杰,26,致命旋律,杰弗瑞
2284,郑婉霞,26,致命旋律,艾芙琳
2035,葛泽扬,26,致命旋律,艾芙琳
978,杜舟,26,致命旋律,杰弗瑞
2293,薛皓垠,240,富春璧合,景洲
2294,王庆爽,240,富春璧合,绮琴
2295,郑晓晶,240,富春璧合,陈丽丽
2296,陈昱,240,富春璧合,徐庸
2297,姚中译,240,富春璧合,周大帅
2298,冯硕,240,富春璧合,周夫人
2299,包代崧,240,富春璧合,思国
2300,张思佳,240,富春璧合,画屏
2301,彭彬,240,富春璧合,掌柜
2302,王辉,240,富春璧合,东洋老板
2303,陈协耀,240,富春璧合,神秘人
1031,鲁芳岐,210,我的魔法药水,小曼
2423,王晟熙,210,我的魔法药水,小曼
2053,肖颖婕,210,我的魔法药水,小曼
2305,矫子奕,210,我的魔法药水,小曼
750,江东旭,210,我的魔法药水,宋阳
1033,孙化卓,210,我的魔法药水,宋阳
606,陆艺火,210,我的魔法药水,刘宇航
1035,李子健,210,我的魔法药水,刘宇航
828,张智伟,210,我的魔法药水,刘宇航
1034,郭禹良,210,我的魔法药水,孙海峰
624,徐天戈,210,我的魔法药水,孙海峰
2232,张新川,210,我的魔法药水,孙海峰
2355,潘旭,152,使命必达,邹力
2356,李思音,152,使命必达,Maple
852,陈科铭,152,使命必达,李红旗
846,陈志,152,使命必达,李红旗
1188,潘龙,152,使命必达,卷毛
2357,刘岩鑫,152,使命必达,站长
859,张毅凯,152,使命必达,大师兄
1898,张弋,171,醉后赢家,周大福
296,刘政,168,恋爱吧！人类,李浩民
1769,王款儿,168,恋爱吧！人类,韩秋子
2034,林瀚青,168,恋爱吧！人类,Simba
2362,罗月宁,168,恋爱吧！人类,Mary
1188,潘龙,168,恋爱吧！人类,李浩民
500,田依凡,168,恋爱吧！人类,韩秋子
303,刘钊,168,恋爱吧！人类,李浩民
2038,田格,168,恋爱吧！人类,Mary
2363,蒋佳君,168,恋爱吧！人类,Simba
1209,李泽美,61,剧院魅影,克里斯汀·戴伊
290,钱安琪,149,诗与星,辛辰
1769,王款儿,149,诗与星,辛辰
1172,胥子含,149,诗与星,辛辰
906,易群,149,诗与星,辛辰
1126,陈姝月,149,诗与星,李月圆
1020,杜钇樵,149,诗与星,李月圆
2364,范可妮,149,诗与星,李月圆
499,孙乐仟,149,诗与星,李月圆
1666,杨舒妍,149,诗与星,李月圆
274,张沁丹,149,诗与星,李月圆
2365,许诗翊,149,诗与星,月娃
2020,王珏语涵,149,诗与星,月娃
551,温雅祺,149,诗与星,月娃
1971,钟嘉媚,149,诗与星,月娃
2366,王莹,246,北京故事,陆彩依
2367,吴静,246,北京故事,陆彩依
2368,林萍,246,北京故事,马天华
2369,李垚垚,246,北京故事,马天华
2370,朱桦,246,北京故事,陈宏
2371,霍元圆,246,北京故事,陈宏
2372,赵云红,246,北京故事,那欢
2373,霍姝君,246,北京故事,那欢
2374,林杉,246,北京故事,杨东明
2375,关文庆,246,北京故事,顾飞白
1708,袁帅,246,北京故事,水一杉
2376,王玉兰,246,北京故事,那奶奶
2377,许晓瑄,246,北京故事,妮妮
2378,胡正昊,246,北京故事,狒狒
2379,江海洋,246,北京故事,万能人
2380,张澜馨,246,北京故事,万能人
2381,杜佳禧,246,北京故事,万能人
2382,李珺哲,246,北京故事,万能人
95,夏振凯,235,何处春江无月明,刘玉堂
1261,王迎月圆,235,何处春江无月明,李慧茹
101,常进,235,何处春江无月明,李振兴
2383,胡艺蕾,235,何处春江无月明,王桂芝
105,刘一谷,235,何处春江无月明,赵嘉明
2094,赵晏伯,235,何处春江无月明,陈雨生
621,康珂然,235,何处春江无月明,刘佳怡
2384,王婉凝,235,何处春江无月明,刘佳怡
474,马小乔,116,LIZZIE丽兹,EMMA
2395,訚语涵,251,21:00,符婳
2396,石钰锋,251,21:00,黎铭
2397,洪培文,251,21:00,黎铭
2392,王玥,251,21:00,陈墨
2398,李姿莹,251,21:00,多功能人
2399,郭治宇,251,21:00,多功能人
95,夏振凯,242,南孔,孔洙
2400,王伍伟,242,南孔,孔洙
425,方书剑,242,南孔,真金
2401,陈臻,242,南孔,真金
171,明家歆,242,南孔,孔柳
2402,谢雨,242,南孔,孔柳
2314,章小敏,242,南孔,秀娘
2403,黄爽,242,南孔,秀娘
2404,张殿宇,242,南孔,孔端友
2405,耿凡茜,61,剧院魅影,梅格·吉瑞
2406,凌其尔,90,摇滚年代,Justice
2407,吴哲晗,51,狄俄尼索斯,安普罗斯
1083,刘勃汐,209,Ordinary Days 不·平凡的日子,Jason
256,张泽,255,消失,K
468,赵伟钢,255,消失,K
471,钟舜傲,255,消失,K
312,刘牧,255,消失,义信
267,胡迪,255,消失,义信
266,施哲明,255,消失,义信
261,郭嘉轩,255,消失,义信
987,张艺,255,消失,明烈
299,顾易,255,消失,明烈
959,董豫辰,255,消失,明烈
896,余镇鳌,255,消失,明烈
2416,王笑语,237,丝路之声,二娘
2417,韩烨,237,丝路之声,二娘
964,宋凯文,70,阿尔托，梵高,阿尔托
467,钟嘉诚,208,超时空同居,陆鸣/陆石屹
711,宗俊涛,247,爱情神话,老白
2420,王昊,247,爱情神话,老乌
281,蒋倩如,247,爱情神话,李小姐
2112,黄龄,247,爱情神话,格洛瑞亚
271,丁臻滢,247,爱情神话,格洛瑞亚
771,赵嘉艳,247,爱情神话,蓓蓓
1844,曹屿辰,247,爱情神话,白鸽
357,年蔓婷,247,爱情神话,洋洋
1089,高旭,247,爱情神话,小鞋匠
2421,徐磊,247,爱情神话,李小姐妈妈
214,舒荣波,46,卡拉马佐夫兄弟,阿辽沙
985,梁宵默,236,AI,董斯云
305,钱蒙楠,236,AI,董斯云
262,舒杨,236,AI,董斯云
899,张烜尔,236,AI,她
1161,王樵知,236,AI,她
2422,毛唯嘉,236,AI,她
1777,孙一城,210,我的魔法药水,宋阳
1208,付翔,258,爸爸的奇幻世界,炳三
23,赵禹钧,258,爸爸的奇幻世界,炳三
472,冯远,258,爸爸的奇幻世界,洙英
143,严小北,258,爸爸的奇幻世界,洙英
477,李苏霖,258,爸爸的奇幻世界,时钟兔
826,李存贤,258,爸爸的奇幻世界,时钟兔
479,曹珺,258,爸爸的奇幻世界,柴郡猫
843,牛博为,258,爸爸的奇幻世界,柴郡猫
280,赵雨卉,258,爸爸的奇幻世界,渡渡鸟
1667,郑涵一,258,爸爸的奇幻世界,渡渡鸟
386,郑云龙,72,将进酒,李白
550,李炜鹏,72,将进酒,李白
384,喻越越,72,将进酒,明月
1262,毋子玥,72,将进酒,明月
284,陈旭,72,将进酒,明月
480,于晓璘,72,将进酒,吴指南
2438,张傲生,72,将进酒,吴指南
2017,张诗漫,72,将进酒,李月圆
688,许嘉芸,72,将进酒,李月圆
2439,陈熙,72,将进酒,李月圆
711,宗俊涛,72,将进酒,杜甫
2094,赵晏伯,72,将进酒,杜甫
2440,华英杰,72,将进酒,杜甫
2441,黄冠菘,72,将进酒,李客
1540,李金哲,72,将进酒,李客
2442,左雅,72,将进酒,杨贵妃
2443,徐铭聪,72,将进酒,杨贵妃
2444,赵子璇,72,将进酒,老妪
227,赵丹霓,72,将进酒,老妪
753,杨映宇,72,将进酒,疯老道
1508,王靖棋,72,将进酒,疯老道
2445,杜恒,72,将进酒,李白（舞）
2446,姜义哲,54,辛吉路的画材店,塞修
257,高杨,102,唐人街探案1,秦风
212,郭虹旭,102,唐人街探案1,秦风
259,毛二,102,唐人街探案1,秦风
216,李秋盟,102,唐人街探案1,唐仁
333,刘阳,102,唐人街探案1,唐仁
1306,张博俊,102,唐人街探案1,唐仁
674,王敏辉,102,唐人街探案1,小九
965,元佳辰,102,唐人街探案1,小九
2451,周一男,102,唐人街探案1,小九
841,曹牧之,102,唐人街探案1,闫先生
1087,郭俊宇,102,唐人街探案1,闫先生
215,马良,102,唐人街探案1,闫先生
219,李梓溪,102,唐人街探案1,思诺
1504,宁梦恬,102,唐人街探案1,思诺
290,钱安琪,102,唐人街探案1,思诺
1012,李佳音,102,唐人街探案1,阿香
899,张烜尔,102,唐人街探案1,阿香
714,孙欣业,102,唐人街探案1,北哥
429,于滨嘉,102,唐人街探案1,北哥
853,郭洧江,102,唐人街探案1,越南仔
967,孙博,102,唐人街探案1,越南仔
1088,连江维,102,唐人街探案1,金刚
698,王壹,102,唐人街探案1,金刚
966,冯文彦,102,唐人街探案1,李冬生
968,王逸飞,102,唐人街探案1,李冬生
570,白一博,102,唐人街探案1,托尼
1019,刘明明,102,唐人街探案1,托尼
430,江泽辰,102,唐人街探案1,说书人
217,孙金瀚,102,唐人街探案1,说书人
1020,杜钇樵,102,唐人街探案1,白警官
1170,姚一依,102,唐人街探案1,白警官
1018,李子涵,102,唐人街探案1,老K
1827,张呈吉,102,唐人街探案1,老K
433,石钰铎,102,唐人街探案1,局长
857,脱骁尧,102,唐人街探案1,局长
580,贾景伊,102,唐人街探案1,奶奶/店员
2452,罗晓筱,102,唐人街探案1,奶奶/店员
353,李浩楠,133,周生如故,先帝亡灵
2155,闫士俊,133,周生如故,先帝亡灵
1170,姚一依,168,恋爱吧！人类,韩秋子
2451,周一男,17,灯塔,霍普
2453,张淇,105,摇滚莫扎特,沃夫冈·阿玛德乌斯·莫扎特
2454,胡浩,105,摇滚莫扎特,安东尼奥·萨列里
2455,满江,105,摇滚莫扎特,利奥波德·莫扎特
1538,党韫葳,105,摇滚莫扎特,阿洛伊西亚·韦伯
426,王梓庭,105,摇滚莫扎特,阿洛伊西亚·韦伯
2456,王赛罕娜,105,摇滚莫扎特,康斯坦萨·韦伯
97,蔡忻如,105,摇滚莫扎特,南妮尔·莫扎特
1539,卞佳平,105,摇滚莫扎特,酒馆老板/小丑
2457,王艺,105,摇滚莫扎特,卡瓦列里
2458,马文亮,105,摇滚莫扎特,罗森博格
2459,魏驿欢,105,摇滚莫扎特,萨西莉亚·韦伯
1547,蒋梦诗,105,摇滚莫扎特,弗里多林·韦伯/约瑟夫二世
2460,阿妮尔,105,摇滚莫扎特,安娜玛利亚·莫扎特
1544,郑正,105,摇滚莫扎特,科洛雷多
2461,钟文斌,105,摇滚莫扎特,洛伦佐·达·彭特
2462,张芷妍,105,摇滚莫扎特,索菲·韦伯
1406,宋煊宁,105,摇滚莫扎特,约瑟芬·韦伯
479,曹珺,70,阿尔托，梵高,梵高
829,张皓哲,70,阿尔托，梵高,梵高
2463,李静怡,2,空中花园谋杀案,董事长夫人
2464,王凯,227,当爱已成往事,寒江
2465,王筝,227,当爱已成往事,蔡粒粒
2466,杨宝心,227,当爱已成往事,杜帅
2467,田园,227,当爱已成往事,秋子
1188,潘龙,10,FLAMES火焰,埃里克
2479,李想,30,苏东坡,苏轼
2480,郭格羽,30,苏东坡,苏轼
2481,马学帅,30,苏东坡,苏轼
2482,李科,30,苏东坡,苏辙
2483,李尚毅,30,苏东坡,苏辙
591,任书贤,30,苏东坡,王朝云
104,黄天宇,30,苏东坡,王安石
2484,郭毕东,30,苏东坡,欧阳修
1694,刘放,30,苏东坡,李定
1692,马羿,30,苏东坡,李定
2485,蒋一达,30,苏东坡,张璪
176,张珑腾,30,苏东坡,张璪
2486,西楚,30,苏东坡,王弗
2487,谭淳之,30,苏东坡,苏母
2488,刘策,30,苏东坡,神宗
2489,张铭烜,30,苏东坡,黄庭坚
2490,金池,227,当爱已成往事,蔡粒粒
776,杜鑫艳,227,当爱已成往事,秋子
143,严小北,227,当爱已成往事,乔暖暖
1826,鞠红川,227,当爱已成往事,寒江
508,亚森,227,当爱已成往事,杜帅
1627,陈韬,32,沉默的真相,严良
762,吕润桐,32,沉默的真相,李静
277,莫海婧,32,沉默的真相,李静
1666,杨舒妍,32,沉默的真相,玲玲
2497,董诗云,32,沉默的真相,玲玲
321,卓群,32,沉默的真相,吴爱可
897,蔡馨怡,134,生死签,周婷
751,吴以瀚,134,生死签,孟泽
1082,王桓,134,生死签,蛋蛋
987,张艺,134,生死签,迈克
1318,徐郑凯伊,134,生死签,茜茜
225,吴锦铎,134,生死签,建平
472,冯远,134,生死签,雯燕
1076,张嘉宇,60,觉醒年代,辜鸿铭
1776,高星衍,60,觉醒年代,陈延年
707,李怡垚,206,亲爱的,Sai少年
218,刘浩冉,206,亲爱的,Sai青年
708,苏诗丁,206,亲爱的,Sai青年
1447,苗芳,206,亲爱的,Sai中年
673,沈小岑,206,亲爱的,Sai中年
2163,刘泉君,206,亲爱的,Cee少年
965,元佳辰,206,亲爱的,Cee少年
901,井彦乔,206,亲爱的,Cee青年
672,文邺辰,206,亲爱的,Cee青年
671,李大光,206,亲爱的,Cee中年
670,罗葳,206,亲爱的,Cee中年
776,杜鑫艳,206,亲爱的,Sara青年
1084,王玙璠,206,亲爱的,Sara青年
669,蔡润基,206,亲爱的,Man少年
1511,林世杰,206,亲爱的,Man少年
777,孙礼杰,206,亲爱的,Man青年
857,脱骁尧,206,亲爱的,Man青年
1306,张博俊,206,亲爱的,Man青年
668,王富有,206,亲爱的,Pu少年
666,诸葛北辰,206,亲爱的,Pu少年
1587,范金锴,206,亲爱的,Pu青年
751,吴以瀚,206,亲爱的,Pu青年
780,黄偲,206,亲爱的,Champ
175,桑可舟,206,亲爱的,Champ
310,傅震华,206,亲爱的,Pong
311,张益群,206,亲爱的,Pong
346,阿拉丁,255,消失,K
1674,余笛,253,纳尔齐斯与歌尔德蒙,纳尔齐斯
345,祝颂皓,253,纳尔齐斯与歌尔德蒙,纳尔齐斯
469,贾凡,253,纳尔齐斯与歌尔德蒙,纳尔齐斯
262,舒杨,253,纳尔齐斯与歌尔德蒙,纳尔齐斯
269,徐昊,253,纳尔齐斯与歌尔德蒙,纳尔齐斯
300,田野,253,纳尔齐斯与歌尔德蒙,纳尔齐斯
498,纪晓坤,253,纳尔齐斯与歌尔德蒙,纳尔齐斯
477,李苏霖,253,纳尔齐斯与歌尔德蒙,歌尔德蒙
1344,陈楷,253,纳尔齐斯与歌尔德蒙,歌尔德蒙
1066,龚子棋,253,纳尔齐斯与歌尔德蒙,歌尔德蒙
569,王南钧,253,纳尔齐斯与歌尔德蒙,歌尔德蒙
264,相征,253,纳尔齐斯与歌尔德蒙,歌尔德蒙
1330,陈家淇,253,纳尔齐斯与歌尔德蒙,歌尔德蒙
577,汤佳明,253,纳尔齐斯与歌尔德蒙,歌尔德蒙
625,赵昀迪,211,Hi Hi 莎士比亚,HELEN
890,李昀朗,28,异想天开,Hucklebee
1366,张豫宁,28,异想天开,Mortimer（毛儿）
1811,朱文宇,72,将进酒,李白（舞）
1810,刘靖,237,丝路之声,刘子衡
1323,叶麒圣,71,杨戬,杨戬
205,张智涵,71,杨戬,杨戬
25,徐泽辉,71,杨戬,杨戬
426,王梓庭,71,杨戬,三圣母
20,余思冉,71,杨戬,三圣母
260,蔡淇,71,杨戬,沉香/刘彦昌
174,周默涵,71,杨戬,沉香/刘彦昌
1607,邵玎,71,杨戬,沉香/刘彦昌
19,朱芾,71,杨戬,长公主
1809,孔雁,71,杨戬,长公主
476,李磊,71,杨戬,哮天
238,赵钱龙,71,杨戬,哮天
223,徐杭,71,杨戬,哮天
26,胡芳洲,71,杨戬,大金乌
232,吴志军,71,杨戬,大金乌
210,姜均,71,杨戬,魑
1754,申帅,71,杨戬,魅
1262,毋子玥,190,速记员,沈安娜
469,贾凡,190,速记员,华明之
550,李炜鹏,190,速记员,华明之
775,丁辰西,190,速记员,江小姐
1901,赵云霄,190,速记员,闫洪杰
892,孟祥宇,190,速记员,王克航
891,孟璐,190,速记员,沈伊娜等
2504,秦震,190,速记员,陈记者
1746,何杉,190,速记员,朱家骅等
1548,李曌,190,速记员,舒曰信等
2505,郭子豪,190,速记员,将军等
2506,毛迪,190,速记员,难民/父亲等
2507,任真慧,190,速记员,小女孩
2508,熊泽宇,190,速记员,秘书等
2509,申开丽,190,速记员,官太太等
2510,谭皓罡,190,速记员,董必武等
2511,李雅伦,190,速记员,职员、贵妇等
2529,李凤霞,263,蔡文姬,蔡文姬
2530,张子盛,263,蔡文姬,董祀和蔡邕
2523,董丹军,263,蔡文姬,曹操
2531,张玉龙,263,蔡文姬,左贤王和大胡儿
2532,牛云峰,263,蔡文姬,周进
2533,李阳,263,蔡文姬,小文姬和小胡儿
2534,周捧,263,蔡文姬,阿丽娅和雁儿
170,潘艺琳,23,Little Jack小杰克,Julie
2535,白百何,227,当爱已成往事,乔暖暖
2536,王铮亮,227,当爱已成往事,杜帅
2537,张家祺,200,迷雾山庄,小宇
677,廖婧媛,32,沉默的真相,吴爱可
894,田梦,32,沉默的真相,吴爱可
1019,刘明明,32,沉默的真相,岳军
970,韩佳旭,14,小说,格雷·亨特
984,李坤嘉,14,小说,格雷·亨特
2538,唐飞,14,小说,格雷·亨特
982,文振宇,14,小说,格雷·亨特
864,周靖杰,14,小说,格雷·亨特
992,陈梓煊,14,小说,怀特·希斯曼
1697,刘子赫,14,小说,怀特·希斯曼
2181,王博睿,14,小说,怀特·希斯曼
858,曾鑫,14,小说,怀特·希斯曼
983,曾阵,14,小说,怀特·希斯曼
2539,罗明晖,14,小说,休·戴克
988,刘秫呈,14,小说,休·戴克
991,汤俊军,14,小说,休·戴克
990,王皓,14,小说,休·戴克
981,张鑫澳,14,小说,休·戴克
221,蛋蛋,262,春宵苦短，少女前进吧！,学长
842,郝李英杰,262,春宵苦短，少女前进吧！,学长
1709,黄恩茹,262,春宵苦短，少女前进吧！,黑发少女
288,王洁璐,262,春宵苦短，少女前进吧！,黑发少女
300,田野,262,春宵苦短，少女前进吧！,局长
482,朱微之,262,春宵苦短，少女前进吧！,局长
466,郭亢,262,春宵苦短，少女前进吧！,李白
348,翟松,262,春宵苦短，少女前进吧！,李白
1399,张铎,262,春宵苦短，少女前进吧！,樋口先生
713,赵毅劼,262,春宵苦短，少女前进吧！,樋口先生
497,陈晓琼,262,春宵苦短，少女前进吧！,羽贯小姐
170,潘艺琳,262,春宵苦短，少女前进吧！,羽贯小姐
1919,孙之骥,262,春宵苦短，少女前进吧！,东堂先生
318,潘珏辰,262,春宵苦短，少女前进吧！,旧书市之神
684,吴杭律,262,春宵苦短，少女前进吧！,旧书市之神
1083,刘勃汐,262,春宵苦短，少女前进吧！,总头目
917,王国栋,262,春宵苦短，少女前进吧！,总头目
579,洪果,262,春宵苦短，少女前进吧！,纪子小姐
2540,王滢钰,262,春宵苦短，少女前进吧！,纪子小姐
431,苗宸宇,32,沉默的真相,赵铁民
309,张艺,32,沉默的真相,多功能3
572,施天玮,70,阿尔托，梵高,阿尔托
761,高尔金宝音,188,闪闪的红星,潘冬子
550,李炜鹏,188,闪闪的红星,胡汉三
1087,郭俊宇,188,闪闪的红星,潘行义
834,曹小欠儿,188,闪闪的红星,李明月
1694,刘放,188,闪闪的红星,椿伢子
579,洪果,188,闪闪的红星,沈心儿
2564,方汶,188,闪闪的红星,小百岁
104,黄天宇,188,闪闪的红星,吴修竹
2565,周东升,188,闪闪的红星,刘来子
147,周国帅,188,闪闪的红星,米店沈老板
891,孟璐,188,闪闪的红星,米店老板娘
2566,毛雷尔,188,闪闪的红星,吴春来
1577,于洋,188,闪闪的红星,刘大嫂
956,李珏,77,#0528,Doris
963,刘瀚聪,77,#0528,Doris
824,赵洪博,77,#0528,Doris
576,王颢珏,77,#0528,Doris
1032,王浩楠,77,#0528,Doris
223,徐杭,77,#0528,Doris
958,左溢,77,#0528,Brandon
429,于滨嘉,77,#0528,Brandon
987,张艺,77,#0528,Brandon
296,刘政,77,#0528,Brandon
304,徐步超,77,#0528,Brandon
232,吴志军,77,#0528,Brandon
961,林大钦,77,#0528,Brandon
957,温升宝,77,#0528,Eggy
2569,王禹桐,77,#0528,Eggy
478,夏阳,77,#0528,Eggy
430,江泽辰,77,#0528,Eggy
2446,姜义哲,77,#0528,Eggy
2570,刘玥岑,237,丝路之声,心慧/素素
1307,刘岩,68,女神在看,闪电
1659,赵嘉豪,68,女神在看,石头
675,遇泓羊,68,女神在看,蝎子
968,王逸飞,68,女神在看,野狼
96,徐瑶,68,女神在看,女神
2571,张力升,51,狄俄尼索斯,安普罗斯
1304,白倬铭,256,时光代理人,程小时
260,蔡淇,256,时光代理人,程小时
841,曹牧之,256,时光代理人,程小时
934,丁星辰,256,时光代理人,程小时
498,纪晓坤,256,时光代理人,程小时
901,井彦乔,256,时光代理人,程小时
214,舒荣波,256,时光代理人,程小时
1081,滕春鹏,256,时光代理人,程小时
968,王逸飞,256,时光代理人,程小时
212,郭虹旭,256,时光代理人,陆光
674,王敏辉,256,时光代理人,陆光
751,吴以瀚,256,时光代理人,陆光
317,朱涵彬,256,时光代理人,陆光
1917,蔡璐,256,时光代理人,乔苓
683,邓贤凌,256,时光代理人,乔苓
763,冯鑫垚,256,时光代理人,乔苓
290,钱安琪,256,时光代理人,乔苓
1159,强东玥,256,时光代理人,乔苓
684,吴杭律,256,时光代理人,乔苓
903,左一平,256,时光代理人,乔苓
229,恩妤,256,时光代理人,林贞/陈潇妈
2572,郭珍艳,256,时光代理人,林贞/陈潇妈
579,洪果,256,时光代理人,林贞/陈潇妈
677,廖婧媛,256,时光代理人,林贞/陈潇妈
907,沈恬,256,时光代理人,林贞/陈潇妈
1085,于梦滢,256,时光代理人,林贞/陈潇妈
323,邹子月,256,时光代理人,林贞/陈潇妈
1584,朱佳艳,256,时光代理人,林贞/陈潇妈
234,张睿姝,256,时光代理人,林贞/陈潇妈
761,高尔金宝音,256,时光代理人,陈潇/陆鸿斌
224,李泽熙,256,时光代理人,陈潇/陆鸿斌
686,宋元明,256,时光代理人,陈潇/陆鸿斌
676,许放星,256,时光代理人,陈潇/陆鸿斌
2573,张嘉豪,256,时光代理人,陈潇/陆鸿斌
828,张智伟,256,时光代理人,陈潇/陆鸿斌
680,智博闻,256,时光代理人,陈潇/陆鸿斌
315,周波,256,时光代理人,陈潇/陆鸿斌
993,刘朱烨,26,致命旋律,尼古拉斯
572,施天玮,26,致命旋律,尼古拉斯
863,唐浩瑜,26,致命旋律,尼古拉斯
1370,宋周鑫,26,致命旋律,科伦
976,薛钦元,26,致命旋律,科伦
606,陆艺火,26,致命旋律,杰弗瑞
678,朱芷秋,26,致命旋律,艾芙琳
256,张泽,119,TRACE U,启夏
1665,徐丽东,119,TRACE U,启夏
764,崔恩尔,119,TRACE U,启夏
269,徐昊,119,TRACE U,庭宇
896,余镇鳌,119,TRACE U,庭宇
509,徐梦,119,TRACE U,庭宇
274,张沁丹,119,TRACE U,庭宇
847,朱亮,9,献给阿尔吉侬的花束,查理
473,郭耀嵘,9,献给阿尔吉侬的花束,爱丽丝
715,周惠怡,9,献给阿尔吉侬的花束,爱丽丝
758,邵奕磊,9,献给阿尔吉侬的花束,乔卡普
776,杜鑫艳,9,献给阿尔吉侬的花束,妈妈
855,赵霄汉,9,献给阿尔吉侬的花束,金皮
472,冯远,9,献给阿尔吉侬的花束,范妮
221,蛋蛋,102,唐人街探案1,秦风
205,张智涵,102,唐人街探案1,秦风
675,遇泓羊,102,唐人街探案1,唐仁
507,张玮伦,102,唐人街探案1,唐仁
842,郝李英杰,102,唐人街探案1,小九
476,李磊,102,唐人街探案1,小九
824,赵洪博,102,唐人街探案1,小九
845,周仕麒,102,唐人街探案1,小九
1826,鞠红川,102,唐人街探案1,闫先生
1307,刘岩,102,唐人街探案1,闫先生
2581,赵乾景,102,唐人街探案1,闫先生
23,赵禹钧,102,唐人街探案1,闫先生
345,祝颂皓,102,唐人街探案1,闫先生
287,陈玉婷,102,唐人街探案1,思诺
143,严小北,102,唐人街探案1,思诺
1538,党韫葳,102,唐人街探案1,阿香
1769,王款儿,102,唐人街探案1,阿香
474,马小乔,102,唐人街探案1,阿香
1091,唐超,102,唐人街探案1,北哥
315,周波,102,唐人街探案1,北哥
909,薛尚文,102,唐人街探案1,越南仔
960,尹智博,102,唐人街探案1,越南仔
825,霍京晖,102,唐人街探案1,金刚
2582,张栩晟,102,唐人街探案1,金刚
297,何铭海,102,唐人街探案1,李冬生
1688,李泓辰,102,唐人街探案1,李冬生
962,车鸣笛,102,唐人街探案1,托尼
305,钱蒙楠,102,唐人街探案1,托尼
686,宋元明,102,唐人街探案1,说书人
1630,袁野,102,唐人街探案1,说书人
2583,陈彦羽,102,唐人街探案1,白警官
279,杨琳,102,唐人街探案1,白警官
2584,陈孟君,102,唐人街探案1,老K
1089,高旭,102,唐人街探案1,局长
2162,张忆亚,102,唐人街探案1,局长
2585,杨熠萌,102,唐人街探案1,奶奶/店员
2587,张可盈,227,当爱已成往事,乔暖暖
2609,张腾,18,也许美好结局,奥利弗
213,傅祥安,18,也许美好结局,詹姆斯
682,邵立君,18,也许美好结局,奥利弗
288,王洁璐,18,也许美好结局,克莱尔
299,顾易,262,春宵苦短，少女前进吧！,学长
287,陈玉婷,262,春宵苦短，少女前进吧！,黑发少女
239,霍泽安,71,杨戬,魍魉
2094,赵晏伯,266,诗经·采薇,子谦
1255,袁东方,266,诗经·采薇,若兰
2023,黄湙云,266,诗经·采薇,南仲
1412,袁岱,266,诗经·采薇,大王
2597,王良,270,血色湘江,陈湘
2598,于添琪,270,血色湘江,凤鸣
2599,冯冲,270,血色湘江,韦江
2600,庄政,270,血色湘江,黄复生
2601,杨春梅,270,血色湘江,朱大姐
2602,李越,270,血色湘江,程林
2604,田宏伟,270,血色湘江,红米饭
2605,王吉超,270,血色湘江,副官
2606,陆正龙,270,血色湘江,宽叔
2603,袁露,270,血色湘江,赖老石头
2607,伊力帕尔·依里哈木,80,拉齐尼·巴依卡,拉齐尼·巴依卡
2608,仁真尔甲,80,拉齐尼·巴依卡,拉齐尼·巴依卡爸爸
2610,张嘉瑞,243,花儿与号手,花儿
2611,李宁,243,花儿与号手,李瑞金
2612,孟成军,243,花儿与号手,马少爷
2613,刘洋,243,花儿与号手,马三
2614,张伟,243,花儿与号手,白源泽
2615,刘施施,243,花儿与号手,纳兰花
2616,王展翔,243,花儿与号手,红军连长
2617,马依黒牙,243,花儿与号手,“花儿”讲述人
274,张沁丹,276,不好意思！生不生娃让我好好想一想,程佳文
774,孙叶雨,276,不好意思！生不生娃让我好好想一想,程佳文
775,丁辰西,276,不好意思！生不生娃让我好好想一想,李欣慰
1084,王玙璠,276,不好意思！生不生娃让我好好想一想,李欣慰
283,陈希琰,276,不好意思！生不生娃让我好好想一想,莫丹华
288,王洁璐,276,不好意思！生不生娃让我好好想一想,莫丹华
1126,陈姝月,276,不好意思！生不生娃让我好好想一想,青青
1172,胥子含,276,不好意思！生不生娃让我好好想一想,青青
1188,潘龙,276,不好意思！生不生娃让我好好想一想,Q
1325,张艺宝,276,不好意思！生不生娃让我好好想一想,Q
1236,王智威,61,剧院魅影,劳尔·沙尼子爵
2407,吴哲晗,262,春宵苦短，少女前进吧！,羽贯小姐
425,方书剑,114,雄狮少年,阿娟
212,郭虹旭,114,雄狮少年,阿娟
852,陈科铭,114,雄狮少年,阿娟
2620,陈小春,114,雄狮少年,咸鱼强
216,李秋盟,114,雄狮少年,咸鱼强
2621,陈洁仪,114,雄狮少年,阿珍
218,刘浩冉,114,雄狮少年,娟然
2622,冯镝霏,114,雄狮少年,娟然
860,李玉言,114,雄狮少年,阿猫
178,郝晓辉,114,雄狮少年,阿狗
859,张毅凯,114,雄狮少年,壮成哥
622,奇煜,278,玻璃猫鱼和科里奥利效应,林嘉兴
1973,刘彬濠,278,玻璃猫鱼和科里奥利效应,林嘉兴
1917,蔡璐,278,玻璃猫鱼和科里奥利效应,胥紫冬
2628,赵书雨,278,玻璃猫鱼和科里奥利效应,胥紫冬
1265,侯岩松,178,三星堆,巫祝
1796,宗雪健,178,三星堆,巫祝
2629,郭颂兰,178,三星堆,金乌
2630,薛昱,178,三星堆,帝星
2631,赵越,178,三星堆,阳天
2632,张昕玥,178,三星堆,青鸾
2633,陈雨秋,178,三星堆,青鸾
2634,秦立夫,178,三星堆,周汉生
2635,刘威,178,三星堆,周汉生
2636,千悦,178,三星堆,周一然
2637,祝愿,178,三星堆,周一然
2638,张栩康,178,三星堆,韩子潇
2639,陈壬权,178,三星堆,韩子潇
1771,赵磊,178,三星堆,帝星
2640,杜光祎,256,时光代理人,陆光
2641,周熙智,237,丝路之声,刘子衡
2642,李佳璐,237,丝路之声,许平儿
2643,尉梦飞,237,丝路之声,老班头
478,夏阳,70,阿尔托，梵高,梵高
2646,戴国良,279,刺秦,荆轲
262,舒杨,279,刺秦,荆轲
1620,钱海睿,279,刺秦,高渐离
302,杜航,279,刺秦,高渐离
773,沐里,279,刺秦,嬴政
1020,杜钇樵,279,刺秦,嬴政
1235,陈芙蓉,279,刺秦,曹平
2647,郝一赫,279,刺秦,曹平
1237,张淼龙,279,刺秦,李昙
2648,巴文豪,279,刺秦,李昙
2007,汤邵文,236,AI,董斯云
917,王国栋,236,AI,董斯云
1399,张铎,236,AI,董斯云
348,翟松,236,AI,董斯云
2649,赵亦飞,236,AI,董斯云
713,赵毅劼,236,AI,董斯云
772,陈棋尔,236,AI,她
230,黄可,236,AI,她
1190,覃一凡,236,AI,她
2650,孙彩纶,236,AI,她
275,申霓,236,AI,她
321,卓群,236,AI,她
510,蒋依敏,280,还“Ai”,Mira机器人
304,徐步超,280,还“Ai”,Chad博士
2655,Kendall Griffith,280,还“Ai”,Alice主管
2656,蔡鼎延,13,两个人的谋杀,马库斯警官
2657,陈泽杨,13,两个人的谋杀,所有嫌疑犯
2658,广家伟,13,两个人的谋杀,马库斯警官
222,徐奕然,13,两个人的谋杀,马库斯警官
623,李昊阳,200,迷雾山庄,阿明
264,相征,67,嗜血博士,爱德华
498,纪晓坤,67,嗜血博士,乔纳森
897,蔡馨怡,67,嗜血博士,玛莎
2672,王帅,283,致青春,耿大可
2673,陈莹,283,致青春,佟家玲
2674,邝丹洁,283,致青春,柳飞燕
760,刘思杰,26,致命旋律,尼古拉斯
1541,武阳坤,26,致命旋律,科伦
959,董豫辰,7,白夜行,松浦勇
22,庞盛之,215,双重危机,吉米·马丁
1033,孙化卓,215,双重危机,鲍比·马丁
570,白一博,259,当你心动时,叶白
571,马灵奇,259,当你心动时,叶白
1626,许昌泰,259,当你心动时,叶白
575,徐佳文,259,当你心动时,叶白
862,施博威,259,当你心动时,小白
895,万钰彬,259,当你心动时,小白
2678,赵辰睿,259,当你心动时,小白
854,朱亚洲,259,当你心动时,小白
284,陈旭,259,当你心动时,露露
578,葛洧吟,259,当你心动时,露露
230,黄可,259,当你心动时,露露
1862,黄旖,259,当你心动时,露露
2679,郭涛,275,没有共产党就没有新中国,赵然
2680,鑫河,275,没有共产党就没有新中国,郝大志
2681,王雅宁,275,没有共产党就没有新中国,潘大婶
2682,李宗芳,275,没有共产党就没有新中国,王英武
2683,王淖木汗,275,没有共产党就没有新中国,隗和宽
2684,赵思遥,275,没有共产党就没有新中国,于振边
2685,马靖,275,没有共产党就没有新中国,马芳
2686,许珊,275,没有共产党就没有新中国,冯紫霞
2687,周雪阳,275,没有共产党就没有新中国,潘小虎
2688,张梓函,275,没有共产党就没有新中国,潘小花
2689,董立学,275,没有共产党就没有新中国,范德福
2690,祁勇,275,没有共产党就没有新中国,川岛龟
2691,焦健,275,没有共产党就没有新中国,潘正民
2692,姜子平,275,没有共产党就没有新中国,耿福生
2587,张可盈,178,三星堆,青鸾
2017,张诗漫,71,杨戬,三圣母
467,钟嘉诚,14,小说,怀特·希斯曼
1189,马海生,14,小说,怀特·希斯曼
903,左一平,149,诗与星,辛辰
2697,张赛怡,286,秋裤和擀面杖,沐馨
763,冯鑫垚,286,秋裤和擀面杖,沐馨
2698,牟潇钰,286,秋裤和擀面杖,妈妈
1577,于洋,286,秋裤和擀面杖,妈妈
1777,孙一城,286,秋裤和擀面杖,小黑
42,吴勃臻,286,秋裤和擀面杖,李队
2054,王晶,286,秋裤和擀面杖,晓霞
2699,王乐天,236,AI,董斯云
95,夏振凯,141,在远方,姚远
1710,刘宇希,141,在远方,路晓欧
177,孙葛川野,141,在远方,高畅
171,明家歆,141,在远方,霍梅
175,桑可舟,141,在远方,刘云天
178,郝晓辉,141,在远方,二叔
2700,李龙,141,在远方,路中祥
1712,陈梓豪,141,在远方,大根
2216,杨闫乐,141,在远方,二根
2701,周义晨,64,理想之城,夏明
2702,于慧萌,39,绽放,小莫
2507,任真慧,39,绽放,小白
2703,姚沐岑,39,绽放,小和
2704,丁子荻,39,绽放,新娘/女学生
2705,张天玮,39,绽放,老师
1655,邹楚瑜,39,绽放,新娘/女学生
2706,曹义昊,200,迷雾山庄,小提琴乐手
2708,王梓,187,家,高觉民
2707,张潇,187,家,高克定
2709,陈俐安,187,家,婉儿
2721,山都阿西·哈德孜,287,蝶恋天山,努尔古丽
2722,季超,287,蝶恋天山,旅行者
2723,田玮博,287,蝶恋天山,李松华
2720,努尔古丽·尼合木江,287,蝶恋天山,迪娜古丽
2724,吾恩哈尔·哈米提,287,蝶恋天山,赛力克
2725,哈斯特尔·库巴西,287,蝶恋天山,别克
2726,阿塞木古丽·哈散,287,蝶恋天山,新娘
2727,邓送珍,287,蝶恋天山,独唱
993,刘朱烨,259,当你心动时,叶白
282,王子浠,67,嗜血博士,爱德华
358,蒋芸,67,嗜血博士,乔纳森
291,刘晓,67,嗜血博士,玛莎
2728,黄赫鹏,32,沉默的真相,张超
2232,张新川,32,沉默的真相,岳军
971,廖城志,32,沉默的真相,多功能1
2729,黄磊,17,灯塔,霍普
300,田野,10,FLAMES火焰,爱德蒙
1344,陈楷,14,小说,格雷·亨特
1626,许昌泰,14,小说,格雷·亨特
854,朱亚洲,14,小说,格雷·亨特
572,施天玮,14,小说,怀特·希斯曼
239,霍泽安,14,小说,怀特·希斯曼
895,万钰彬,14,小说,怀特·希斯曼
1625,周宇杰,14,小说,怀特·希斯曼
431,苗宸宇,14,小说,休·戴克
2007,汤邵文,14,小说,休·戴克
269,徐昊,133,周生如故,周生辰
273,丁汀,148,忠诚,韩爱珍
24,胡超政,148,忠诚,向晓辉
775,丁辰西,288,彗星来电,瑞吉娜
776,杜鑫艳,288,彗星来电,瑞吉娜
1668,刘烨,288,彗星来电,瑞吉娜
1504,宁梦恬,288,彗星来电,瑞吉娜
289,周文嘉,288,彗星来电,瑞吉娜
1826,鞠红川,288,彗星来电,这个男的
175,桑可舟,288,彗星来电,这个男的
1032,王浩楠,288,彗星来电,这个男的
575,徐佳文,288,彗星来电,这个男的
826,李存贤,288,彗星来电,这个男的
144,陆宇鹏,288,彗星来电,这个男的
467,钟嘉诚,288,彗星来电,这个男的
1844,曹屿辰,288,彗星来电,那个男的
1344,陈楷,288,彗星来电,那个男的
862,施博威,288,彗星来电,那个男的
751,吴以瀚,288,彗星来电,那个男的
478,夏阳,288,彗星来电,那个男的
174,周默涵,288,彗星来电,那个男的
1304,白倬铭,225,浮生六记,沈复
903,左一平,225,浮生六记,天人
1125,闫乐湟,225,浮生六记,天人
751,吴以瀚,33,致爱,付平安
214,舒荣波,33,致爱,付平安
144,陆宇鹏,33,致爱,付平安
425,方书剑,148,忠诚,向晓辉
285,刘乙萱,291,东莞东,王雪英
2746,应雨宸,291,东莞东,王雪英
834,曹小欠儿,291,东莞东,罗招娣
1769,王款儿,291,东莞东,罗招娣
1400,许沁,291,东莞东,叶淑萍
1768,刘晓燕,291,东莞东,叶淑萍
177,孙葛川野,291,东莞东,财哥
604,梁汉,291,东莞东,财哥
752,朱家鹏,291,东莞东,刘沐燃
761,高尔金宝音,291,东莞东,刘沐燃
2571,张力升,79,少年歌行·梵音谣,萧瑟
1082,王桓,79,少年歌行·梵音谣,雷无桀
1659,赵嘉豪,79,少年歌行·梵音谣,雷无桀
779,范浩泽,79,少年歌行·梵音谣,无心
2168,沈育奇,79,少年歌行·梵音谣,无心
666,诸葛北辰,79,少年歌行·梵音谣,无心
2747,李春胤,79,少年歌行·梵音谣,多功能
2748,王天乐,79,少年歌行·梵音谣,多功能
2749,叶炜航,79,少年歌行·梵音谣,多功能
607,张腾,26,致命旋律,杰弗瑞
1577,于洋,26,致命旋律,艾芙琳
2760,卢梦凡,26,致命旋律,艾芙琳
2761,孙璞欣,26,致命旋律,艾芙琳
602,王帅,293,婚礼歌手,罗比
603,李卓远,293,婚礼歌手,罗比
1031,鲁芳岐,293,婚礼歌手,茱莉娅
2766,艾霖,293,婚礼歌手,茱莉娅
757,帕赛,293,婚礼歌手,格伦
1035,李子健,293,婚礼歌手,格伦
2767,马凯漪,293,婚礼歌手,霍莉
2768,李想,293,婚礼歌手,霍莉
1034,郭禹良,293,婚礼歌手,乔治
2769,吕思含,293,婚礼歌手,乔治
2770,董韦凯,293,婚礼歌手,萨米
2771,刘治威,293,婚礼歌手,萨米
2772,文颖倩,293,婚礼歌手,琳达
2773,刘思纤,293,婚礼歌手,琳达
2774,乌尼思,293,婚礼歌手,罗茜
630,崔欣仪,293,婚礼歌手,罗茜
2775,赵梓岑,293,婚礼歌手,玛利亚
972,杨博皓,281,双面奇才,奇才
2777,查宗伯,281,双面奇才,奇才
1250,曹蕊,281,双面奇才,妮娜
2217,袁也,281,双面奇才,妮娜
2778,陈画风,281,双面奇才,Tiger
2779,杨敬林,281,双面奇才,阿泰
2780,关雅亮,281,双面奇才,阿泰
2781,于畅,281,双面奇才,阿泰
2782,肖杨,281,双面奇才,陈老五
2783,张飞扬,281,双面奇才,主持人
511,陈恬,204,嫌疑人X的献身,花冈美里
284,陈旭,204,嫌疑人X的献身,内海薰
223,徐杭,11,阿波罗尼亚,Richard
1370,宋周鑫,11,阿波罗尼亚,Oscar
1587,范金锴,11,阿波罗尼亚,Oscar
843,牛博为,11,阿波罗尼亚,Stevie
2784,袁泽智,11,阿波罗尼亚,Stevie
991,汤俊军,295,拜风,阿江
986,饶克勤,295,拜风,阿风
2397,洪培文,295,拜风,阿风
2809,仇毓翔,295,拜风,阿风
2810,秦宇星,295,拜风,林沐
2811,彭雨纯,295,拜风,林沐
2812,苏运莹,178,三星堆,金乌
677,廖婧媛,278,玻璃猫鱼和科里奥利效应,胥紫冬
1772,黄炜帆,278,玻璃猫鱼和科里奥利效应,关怀
1408,董志勇,278,玻璃猫鱼和科里奥利效应,关怀
2813,雷美玲,278,玻璃猫鱼和科里奥利效应,余琴
2814,孔奕懿,278,玻璃猫鱼和科里奥利效应,余琴
780,黄偲,278,玻璃猫鱼和科里奥利效应,浪漫派诗人/Edward周
1918,尤宣程,278,玻璃猫鱼和科里奥利效应,浪漫派诗人/Edward周
2815,杨佳鹏,278,玻璃猫鱼和科里奥利效应,万能急救箱
2816,陈芸倩,278,玻璃猫鱼和科里奥利效应,数字生命体/林嘉彩
2817,朱艺晴,278,玻璃猫鱼和科里奥利效应,数字生命体/林嘉彩
1067,李志杰,278,玻璃猫鱼和科里奥利效应,保鲜大王/付嘉涵分身
2818,赖舒云,278,玻璃猫鱼和科里奥利效应,小半仙/Alin
2819,黄屿琦,278,玻璃猫鱼和科里奥利效应,冰淇淋储存机
776,杜鑫艳,33,致爱,艾丽莎
1159,强东玥,236,AI,她
568,冯韵颖,281,双面奇才,母亲
2038,田格,281,双面奇才,妮娜
213,傅祥安,296,疯子与赞美诗,疯子
1573,项裕,296,疯子与赞美诗,疯子
676,许放星,296,疯子与赞美诗,疯子
1399,张铎,296,疯子与赞美诗,疯子
993,刘朱烨,296,疯子与赞美诗,李默
752,朱家鹏,296,疯子与赞美诗,李默
1305,张琛,296,疯子与赞美诗,李默
682,邵立君,296,疯子与赞美诗,李默
314,毛寅东,296,疯子与赞美诗,疯子
1080,钟子崴,296,疯子与赞美诗,李默
2451,周一男,296,疯子与赞美诗,李默
299,顾易,40,翻国王棋,奥尔森
1607,邵玎,40,翻国王棋,奥尔森
345,祝颂皓,40,翻国王棋,克雷加德
1504,宁梦恬,40,翻国王棋,戈布
275,申霓,40,翻国王棋,戈布
1769,王款儿,40,翻国王棋,戈布
1091,唐超,40,翻国王棋,弗雷
967,孙博,40,翻国王棋,玛尼
2451,周一男,40,翻国王棋,玛尼
279,杨琳,40,翻国王棋,伊敦
1667,郑涵一,40,翻国王棋,伊敦
16,金圣权,294,百年青春,蒋牧歌
750,江东旭,294,百年青春,蒋牧歌
102,赵穆宸,294,百年青春,蒋牧守/原野
278,于佳鑫,294,百年青春,晓曼
2827,俞炜锋,294,百年青春,督军
2828,孔祥瑞,294,百年青春,贾父
2829,韩志贤,294,百年青春,贾父
2830,索南,294,百年青春,刘工
147,周国帅,294,百年青春,小烟囱
624,徐天戈,294,百年青春,活字张
2511,李雅伦,294,百年青春,林慧
750,江东旭,155,乌鸦,泽罗
430,江泽辰,155,乌鸦,泽罗
3744,辛未,100,等你爱我,邱晨
1691,李俊杰,155,乌鸦,泽罗
1777,孙一城,155,乌鸦,泽罗
575,徐佳文,155,乌鸦,泽罗
3490,于世源,155,乌鸦,泽罗
2451,周一男,155,乌鸦,泽罗
2006,陈诗,155,乌鸦,特瑞斯
2835,韦岸,155,乌鸦,特瑞斯
3285,陈政宇,155,乌鸦,特瑞斯
1697,刘子赫,155,乌鸦,特瑞斯
2007,汤邵文,155,乌鸦,特瑞斯
976,薛钦元,155,乌鸦,特瑞斯
2837,田雨,2,空中花园谋杀案,苏文静
752,朱家鹏,24,粉丝来信,马克梵
1210,赵凡嘉,24,粉丝来信,郑微岚
261,郭嘉轩,24,粉丝来信,郑微岚
1189,马海生,24,粉丝来信,金海鸣
218,刘浩冉,24,粉丝来信,夏光
756,姜崃,24,粉丝来信,蛰生
571,马灵奇,79,少年歌行·梵音谣,萧瑟
194,刘晓邑,71,杨戬,魅
898,黎珂儿,40,翻国王棋,伊敦
2634,秦立夫,245,青城山下,小乞巧
2633,陈雨秋,245,青城山下,白蛇
2482,李科,245,青城山下,酒真人
2858,林世凤,245,青城山下,青蛇/小妖
2629,郭颂兰,245,青城山下,菜花儿
2859,王一帆,245,青城山下,乌稍蛇
2860,沈珂,245,青城山下,眼镜儿
2861,冯子玥,245,青城山下,小妖
2862,田思陈,245,青城山下,小妖
2863,南玛阿依,245,青城山下,小妖
2864,蒋欣怡,245,青城山下,小妖
2865,敬颜滋,245,青城山下,小妖
2866,雷净,245,青城山下,小妖
2635,刘威,245,青城山下,小妖
2867,王胜强,245,青城山下,小妖
1408,董志勇,245,青城山下,小妖
2868,赖剑超,245,青城山下,小妖
1415,陈茜雅,51,狄俄尼索斯,狄俄尼索斯
1608,娄睿,51,狄俄尼索斯,狄俄尼索斯
2870,陈诺,51,狄俄尼索斯,狄俄尼索斯
782,姜呈洋,51,狄俄尼索斯,阿波罗
2871,田祥晔,51,狄俄尼索斯,阿波罗
976,薛钦元,51,狄俄尼索斯,安普罗斯
2872,王瑞,51,狄俄尼索斯,安普罗斯
2873,陈晨,51,狄俄尼索斯,安普罗斯
2874,林甫,51,狄俄尼索斯,普罗辛诺斯/无名的人/阿里阿德涅/警察
2875,陈津伟,51,狄俄尼索斯,普罗辛诺斯/无名的人/阿里阿德涅/警察
2876,褚威,51,狄俄尼索斯,普罗辛诺斯/无名的人/阿里阿德涅/警察
2888,希林娜依·高,264,我要你,李小香
2889,李莎旻子,264,我要你,李小香
2890,孟慧圆,264,我要你,李小香
2891,邓见超,264,我要你,路放
1502,黄子弘凡,264,我要你,路放
1826,鞠红川,264,我要你,路放
2892,上官喜爱,264,我要你,米娜
1262,毋子玥,264,我要你,米娜
2893,叶子淳,264,我要你,高达
2894,张呈,264,我要你,高达
605,李信,264,我要你,老贾
2216,杨闫乐,264,我要你,老贾
2895,李培智,264,我要你,Frank/Eric
2896,白子涵,264,我要你,伟桥/吉米
2897,李君傲,264,我要你,翔哥
467,钟嘉诚,10,FLAMES火焰,爱德蒙
478,夏阳,10,FLAMES火焰,埃里克
1626,许昌泰,10,FLAMES火焰,埃里克
895,万钰彬,10,FLAMES火焰,埃里克
579,洪果,10,FLAMES火焰,梅瑞狄斯
1918,尤宣程,301,游戏规则,丈夫
2898,邵斌,301,游戏规则,丈夫
2105,罗唯豪,301,游戏规则,丈夫
2899,卜然,301,游戏规则,妻子
2900,陈书羽,301,游戏规则,妻子
2901,胡星瑞,301,游戏规则,妻子
2902,殷雨晴,301,游戏规则,情人（丈夫的）
2903,薛家凡,301,游戏规则,情人（丈夫的）
2904,廖楷芸,301,游戏规则,情人（丈夫的）
2170,叶宇锋,301,游戏规则,情人（妻子的）
2905,亓振源,301,游戏规则,情人（妻子的）
2906,张皓星,301,游戏规则,情人（妻子的）
2228,田恬,6,近乎正常,娜塔莉
1410,高品,6,近乎正常,亨利
97,蔡忻如,116,LIZZIE丽兹,ALICE
2907,张潇寒,237,丝路之声,王磬
257,高杨,138,长腿叔叔,Jervis
716,张会芳,138,长腿叔叔,Jerusha
2908,陈希乔,298,下一站爱人,张驰
2909,琚睿琪,298,下一站爱人,王可佳
2915,萧敬腾,260,胭脂扣,十二少
256,张泽,260,胭脂扣,十二少
96,徐瑶,260,胭脂扣,如花
271,丁臻滢,260,胭脂扣,如花
473,郭耀嵘,260,胭脂扣,如花
174,周默涵,260,胭脂扣,袁永定
278,于佳鑫,260,胭脂扣,楚楚
175,桑可舟,260,胭脂扣,高老爷
1710,刘宇希,260,胭脂扣,淑贤
171,明家歆,260,胭脂扣,淑贤
776,杜鑫艳,260,胭脂扣,陈母/老鸨
2916,罗彦妮,260,胭脂扣,梅枝
2767,马凯漪,260,胭脂扣,玉英
1538,党韫葳,53,蝶变,沈文君
1305,张琛,53,蝶变,齐志平
2917,麦紫筠,231,朝暮有情人,Flora
2918,廖爱玲,231,朝暮有情人,冬梅（外婆）
2919,袁安婷,231,朝暮有情人,莲香（母亲）
2920,李俊杰,231,朝暮有情人,彭飞鸿
2921,邝为立,231,朝暮有情人,彭雄
2922,彭展铿,231,朝暮有情人,George
1171,王竞琦,51,狄俄尼索斯,狄俄尼索斯
2923,吴欣怡,51,狄俄尼索斯,狄俄尼索斯
2924,黄小芸,51,狄俄尼索斯,安普罗斯
30,刘令飞,247,爱情神话,老白
266,施哲明,247,爱情神话,老白
713,赵毅劼,247,爱情神话,老乌
218,刘浩冉,247,爱情神话,李小姐
2572,郭珍艳,247,爱情神话,蓓蓓
2925,王勉,247,爱情神话,白鸽
35,赵超凡,247,爱情神话,白鸽
901,井彦乔,247,爱情神话,白鸽
2622,冯镝霏,247,爱情神话,洋洋
144,陆宇鹏,207,无人岛,浩宇
2926,刘君豪,17,灯塔,霍普
1697,刘子赫,17,灯塔,怀恩
858,曾鑫,17,灯塔,怀恩
2539,罗明晖,17,灯塔,守塔人
466,郭亢,70,阿尔托，梵高,阿尔托
303,刘钊,14,小说,格雷·亨特
2932,谢安然,149,诗与星,辛辰
2933,庞雪倩,149,诗与星,李月圆
2934,王允宸,149,诗与星,李月圆
2698,牟潇钰,149,诗与星,月娃
2935,王雨,237,丝路之声,三娘
2936,徐祥,247,爱情神话,小鞋匠
2941,赞多,127,时光代理人·法则游戏,程小时
258,郑艺彬,127,时光代理人·法则游戏,陆光
2942,赵佳琳,127,时光代理人·法则游戏,乔苓
275,申霓,127,时光代理人·法则游戏,吴丽华（Emma）
985,梁宵默,127,时光代理人·法则游戏,朱叶
2943,吴汶骏,127,时光代理人·法则游戏,刘旻
2938,川岛文太（BUNTA）,127,时光代理人·法则游戏,刘旻
2949,孙悦,302,孤独城堡,娜拉
2070,魏瑾,302,孤独城堡,娜拉
750,江东旭,302,孤独城堡,世美
2950,黄思惟,302,孤独城堡,乔治
2951,刘俊泽,302,孤独城堡,乔治
631,李依桐,302,孤独城堡,乔治
2952,王凌毅,286,秋裤和擀面杖,小黑
853,郭洧江,54,辛吉路的画材店,卡路
1777,孙一城,54,辛吉路的画材店,卡路
854,朱亚洲,54,辛吉路的画材店,卡路
1780,朱羿达,54,辛吉路的画材店,卡路
862,施博威,54,辛吉路的画材店,辛吉
264,相征,54,辛吉路的画材店,辛吉
2082,王晶琬,237,丝路之声,心慧/素素
2953,廖哲珣,79,少年歌行·梵音谣,雷无桀
2961,黄圣依,212,今生有约,皓如
97,蔡忻如,212,今生有约,皓如
269,徐昊,212,今生有约,人杰
675,遇泓羊,212,今生有约,人杰
1648,陈铉之,212,今生有约,社长
1668,刘烨,212,今生有约,子姗
472,冯远,212,今生有约,淼淼
2784,袁泽智,212,今生有约,阿辉
684,吴杭律,212,今生有约,惠子
2962,余韵泉,212,今生有约,阿十
2963,张小虎,212,今生有约,小虎
2025,袁梦轩,212,今生有约,大个儿
496,丁辉,293,婚礼歌手,罗比
763,冯鑫垚,293,婚礼歌手,茱莉娅
834,曹小欠儿,293,婚礼歌手,霍莉
2305,矫子奕,293,婚礼歌手,霍莉
609,马志睿,293,婚礼歌手,乔治
2537,张家祺,293,婚礼歌手,萨米
1029,潘蕾蕾,293,婚礼歌手,茱莉娅
975,王世鑫,281,双面奇才,奇才
1170,姚一依,281,双面奇才,妮娜
1898,张弋,281,双面奇才,阿泰
2964,蒋进,281,双面奇才,陈老五
259,毛二,108,陪你倒数,乔纳森
305,钱蒙楠,108,陪你倒数,乔纳森
677,廖婧媛,108,陪你倒数,苏珊
579,洪果,108,陪你倒数,苏珊
575,徐佳文,108,陪你倒数,迈克
577,汤佳明,108,陪你倒数,迈克
299,顾易,84,来自月亮的你,李轩
267,胡迪,84,来自月亮的你,李轩
2965,王佳宽,84,来自月亮的你,李轩
844,王天择,84,来自月亮的你,李轩
482,朱微之,84,来自月亮的你,李轩
763,冯鑫垚,84,来自月亮的你,琳
474,马小乔,84,来自月亮的你,琳
774,孙叶雨,84,来自月亮的你,琳
2966,陶文文,84,来自月亮的你,琳
2540,王滢钰,84,来自月亮的你,琳
143,严小北,84,来自月亮的你,琳
226,崔承宇,84,来自月亮的你,龙
2446,姜义哲,84,来自月亮的你,龙
476,李磊,84,来自月亮的你,龙
963,刘瀚聪,84,来自月亮的你,龙
894,田梦,84,来自月亮的你,秀妍
1084,王玙璠,84,来自月亮的你,秀妍
1085,于梦滢,84,来自月亮的你,秀妍
286,湛嘉丽,84,来自月亮的你,秀妍
581,赵子萌,84,来自月亮的你,秀妍
1620,钱海睿,70,阿尔托，梵高,梵高
1257,代玮,72,将进酒,杜甫
2967,余卓璠,295,拜风,阿风
2968,夏梦,295,拜风,林沐
2969,黄晓迪,295,拜风,阿风
988,刘秫呈,295,拜风,阿江
2970,王淑雅,295,拜风,林沐
1410,高品,11,阿波罗尼亚,Richard
2464,王凯,289,亦梦亦真,郝杰
749,区宁,289,亦梦亦真,郝杰
1826,鞠红川,289,亦梦亦真,郝杰
506,徐梦迪,289,亦梦亦真,李洁珊（Jessica）
2587,张可盈,289,亦梦亦真,李洁珊（Jessica）
177,孙葛川野,289,亦梦亦真,小宇
102,赵穆宸,289,亦梦亦真,董事长
170,潘艺琳,289,亦梦亦真,秋涵
2971,沐妍,289,亦梦亦真,秋涵
2170,叶宇锋,54,辛吉路的画材店,塞修
1082,王桓,54,辛吉路的画材店,塞修
901,井彦乔,54,辛吉路的画材店,辛吉
826,李存贤,24,粉丝来信,马克梵
2995,王腊,237,丝路之声,心慧/素素
1541,武阳坤,60,觉醒年代,胡适
604,梁汉,60,觉醒年代,胡适
834,曹小欠儿,60,觉醒年代,赵纫兰
608,邓欣锐,60,觉醒年代,鲁迅
175,桑可舟,60,觉醒年代,辜鸿铭
1700,尚一航,60,觉醒年代,陈乔年
993,刘朱烨,60,觉醒年代,郭心刚
290,钱安琪,177,嘿！亚利桑那,简
1344,陈楷,177,嘿！亚利桑那,比利
1018,李子涵,177,嘿！亚利桑那,哈利
909,薛尚文,177,嘿！亚利桑那,哈利
857,脱骁尧,177,嘿！亚利桑那,波特
2996,翁婧婷,225,浮生六记,天人
2997,许庆泽,289,亦梦亦真,小宇
42,吴勃臻,289,亦梦亦真,董事长
2998,陈思霖,17,灯塔,霍普
2283,王佑名,17,灯塔,霍普
2179,郑金铠,17,灯塔,霍普
2999,凌锡洋,17,灯塔,怀恩
3000,吕凯,17,灯塔,怀恩
1396,陈志鹏,17,灯塔,守塔人
3001,傅郅宸,17,灯塔,守塔人
1902,张心心,73,星辰,林春晓
1323,叶麒圣,22,人间失格,大庭叶藏
3002,冷汶罡,281,双面奇才,Tiger
2283,王佑名,281,双面奇才,神秘人
3003,李响,281,双面奇才,主持人
473,郭耀嵘,99,德米安,辛克莱
477,李苏霖,99,德米安,辛克莱
259,毛二,99,德米安,辛克莱
478,夏阳,99,德米安,辛克莱
222,徐奕然,99,德米安,辛克莱
264,相征,99,德米安,辛克莱
20,余思冉,99,德米安,辛克莱
1210,赵凡嘉,99,德米安,辛克莱
764,崔恩尔,99,德米安,德米安
285,刘乙萱,99,德米安,德米安
305,钱蒙楠,99,德米安,德米安
577,汤佳明,99,德米安,德米安
269,徐昊,99,德米安,德米安
467,钟嘉诚,99,德米安,德米安
507,张玮伦,99,德米安,德米安
3010,Hamza Al-sal,247,爱情神话,亚历山大
35,赵超凡,50,基督山伯爵,埃德蒙
3011,刘畅,295,拜风,林沐
2729,黄磊,295,拜风,阿风
2023,黄湙云,286,秋裤和擀面杖,李队
346,阿拉丁,67,嗜血博士,爱德华
2168,沈育奇,67,嗜血博士,爱德华
2872,王瑞,67,嗜血博士,爱德华
2007,汤邵文,67,嗜血博士,乔纳森
682,邵立君,67,嗜血博士,乔纳森
993,刘朱烨,67,嗜血博士,乔纳森
499,孙乐仟,67,嗜血博士,乔纳森
230,黄可,67,嗜血博士,玛莎
307,罗玉玲,67,嗜血博士,玛莎
3012,钟艺,305,反转人生,杜熙
3013,何弘宇,305,反转人生,董栋东
3014,高宇轩,305,反转人生,董栋东
3015,宋显立,305,反转人生,陈默
3016,李京旭,305,反转人生,陈默
2440,华英杰,305,反转人生,陈默
607,张腾,305,反转人生,李德兴
468,赵伟钢,220,47,安贞元
471,钟舜傲,220,47,安贞元
1304,白倬铭,220,47,姜义俊
221,蛋蛋,220,47,姜义俊
261,郭嘉轩,220,47,姜义俊
2965,王佳宽,177,嘿！亚利桑那,怀亚特
2869,郑君炽,114,雄狮少年,阿娟
3042,朱栢谦,114,雄狮少年,咸鱼强
1190,覃一凡,114,雄狮少年,娟然
3045,冯志佑,114,雄狮少年,阿猫
3046,刘兆康,114,雄狮少年,阿狗
3047,唐晓枫,114,雄狮少年,阿猫
106,许乐,114,雄狮少年,咸鱼强
297,何铭海,253,纳尔齐斯与歌尔德蒙,纳尔齐斯
482,朱微之,253,纳尔齐斯与歌尔德蒙,纳尔齐斯
852,陈科铭,253,纳尔齐斯与歌尔德蒙,歌尔德蒙
570,白一博,253,纳尔齐斯与歌尔德蒙,歌尔德蒙
478,夏阳,253,纳尔齐斯与歌尔德蒙,歌尔德蒙
1626,许昌泰,253,纳尔齐斯与歌尔德蒙,歌尔德蒙
895,万钰彬,253,纳尔齐斯与歌尔德蒙,歌尔德蒙
1307,刘岩,305,反转人生,布星
1159,强东玥,305,反转人生,郝娣
620,米晨晨,305,反转人生,郝娣
3048,王晨旭,305,反转人生,王启盛
3049,王思佳,305,反转人生,小赵
3050,冯钰涵,305,反转人生,Jessica
3051,赵紫瑄,305,反转人生,赵百艺
3052,任俐璇,305,反转人生,Alice
3053,李金阳,305,反转人生,李王梓
3054,皮云赫,305,反转人生,伊万
3055,罗少巍,305,反转人生,罗菲特
3056,李佳怡,305,反转人生,菲菲
1903,冒海飞,76,阴天,金祐镇
3064,徐子未,307,光影少年,欧石楠
3065,田鸿杰,307,光影少年,欧石楠
316,饶恒宇,307,光影少年,欧石楠
1403,黄唯铭,307,光影少年,欧石楠
2639,陈壬权,307,光影少年,向之歌
3066,朱衍丞,307,光影少年,向之歌
3067,唐嘉齐,307,光影少年,向之歌
2163,刘泉君,307,光影少年,向之歌
3068,姚柏南,307,光影少年,Jerry One
3069,吴灏,307,光影少年,Jerry One
277,莫海婧,307,光影少年,梦露
3070,李施羽,307,光影少年,梦露
2830,索南,307,光影少年,魏利图
1237,张淼龙,307,光影少年,魏利图
1901,赵云霄,307,光影少年,马仁
862,施博威,77,#0528,Doris
300,田野,77,#0528,Brandon
896,余镇鳌,77,#0528,Brandon
855,赵霄汉,77,#0528,Eggy
826,李存贤,77,#0528,Eggy
852,陈科铭,77,#0528,Eggy
687,陈博翰,51,狄俄尼索斯,普罗辛诺斯/无名的人/阿里阿德涅/警察
3071,张梁,15,桑塔露琪亚,Sonny Boy
826,李存贤,15,桑塔露琪亚,Stevie
681,李政绪,15,桑塔露琪亚,Chi Chi
304,徐步超,79,少年歌行·梵音谣,无心
3072,申昊川,79,少年歌行·梵音谣,萧瑟
3073,梁庆海,79,少年歌行·梵音谣,雷无桀
3074,潘华杰,79,少年歌行·梵音谣,多功能
1404,高天鹤,224,飞天,赶路人
2094,赵晏伯,224,飞天,赶路人
1209,李泽美,224,飞天,守护人
1744,徐晶晶,224,飞天,守护人
172,甘泉,224,飞天,紧那罗
3075,苏锡凡,224,飞天,紧那罗
1711,苏晔,224,飞天,乾达婆
1416,杨璐,224,飞天,乾达婆
3076,何东俊,224,飞天,大善人
3077,杨子言,224,飞天,大善人
3078,葛诺亚,224,飞天,贵妇人
3079,唐琪,224,飞天,贵妇人
17,郑棋元,223,消失的她,何非
1323,叶麒圣,223,消失的她,何非
281,蒋倩如,223,消失的她,陈麦/沈曼
1813,王骏迪,223,消失的她,陈麦/沈曼
3080,金雅梦,223,消失的她,陈麦/沈曼
97,蔡忻如,223,消失的她,陈麦/沈曼
384,喻越越,223,消失的她,李木子
716,张会芳,223,消失的她,李木子
3081,张郁梓,223,消失的她,李木子
1159,强东玥,324,命运之上,Shirley
482,朱微之,324,命运之上,路西法
3082,辛雨锡,223,消失的她,李木子（假）
3083,高美旋,223,消失的她,李木子（假）
497,陈晓琼,223,消失的她,李木子（假）
508,亚森,223,消失的她,Lost乐队主唱
3084,卫明,223,消失的她,郑成
3085,李晨源,223,消失的她,郑成
1707,索朗顿珠,223,消失的她,郑成
3086,盛渤竺,223,消失的她,郑成
1706,席同歌,223,消失的她,哈苏
2023,黄湙云,223,消失的她,哈苏
3075,苏锡凡,223,消失的她,酒吧老板Chris
3227,艾力亚斯·吾斯曼,223,消失的她,酒吧服务员（男）
2705,张天玮,223,消失的她,蓝梦摄影店老板
3054,皮云赫,223,消失的她,潜水店老板
3087,赵国砚,223,消失的她,潜水店老板
3088,刘欣,307,光影少年,Jerry One
3089,赵徵羽,224,飞天,贵妇人
3091,陈蕊Grace,149,诗与星,李月圆
3092,薛融,293,婚礼歌手,玛利亚
1577,于洋,293,婚礼歌手,罗茜
3228,尔江,223,消失的她,酒吧服务员（男）
481,王培杰,293,婚礼歌手,罗比
753,杨映宇,293,婚礼歌手,格伦
175,桑可舟,293,婚礼歌手,乔治
832,秦子淳,293,婚礼歌手,琳达
784,李泽晨,177,嘿！亚利桑那,强尼
257,高杨,310,雪拥蓝关,靳天青
1257,代玮,310,雪拥蓝关,靳天青
3102,傅希如,310,雪拥蓝关,穆玄青
3103,滑国华,310,雪拥蓝关,穆玄青
3104,张宏伟,310,雪拥蓝关,白喜祥
3105,耿梦柯,310,雪拥蓝关,林樱草
3106,胡紫熙,310,雪拥蓝关,林樱草
3107,周洁旭,310,雪拥蓝关,殷绣帘
3108,李懿琪,310,雪拥蓝关,殷绣帘
3109,邹博伟,310,雪拥蓝关,焦得利
1691,李俊杰,310,雪拥蓝关,焦得利
3110,江智航,310,雪拥蓝关,陈少湖
3111,雷伟峰,310,雪拥蓝关,陈少湖
3112,董研峰,295,拜风,阿江
3113,杨烁,295,拜风,阿风
236,周显波,32,沉默的真相,多功能2
1304,白倬铭,309,狂炎奏鸣曲,J
212,郭虹旭,309,狂炎奏鸣曲,J
674,王敏辉,309,狂炎奏鸣曲,J
205,张智涵,309,狂炎奏鸣曲,J
1210,赵凡嘉,309,狂炎奏鸣曲,J
466,郭亢,309,狂炎奏鸣曲,S
270,王瀚宇,309,狂炎奏鸣曲,S
269,徐昊,309,狂炎奏鸣曲,S
258,郑艺彬,309,狂炎奏鸣曲,S
292,倪晔,309,狂炎奏鸣曲,K
675,遇泓羊,309,狂炎奏鸣曲,K
348,翟松,309,狂炎奏鸣曲,K
345,祝颂皓,309,狂炎奏鸣曲,K
3114,刘思辰,203,求婚女王,杜胜男
3117,陈卓,311,国王游戏,李宇博/徐坤
3118,杭筱玥,311,国王游戏,耿胜男
1167,黄雨蝶,311,国王游戏,赵白雪
2870,陈诺,311,国王游戏,林珊珊
3119,沈哲祺,311,国王游戏,陆海鸣
2633,陈雨秋,306,貂蝉，你在想什么？,貂蝉
1408,董志勇,306,貂蝉，你在想什么？,吕布
2635,刘威,306,貂蝉，你在想什么？,董卓
2629,郭颂兰,306,貂蝉，你在想什么？,玥儿
2867,王胜强,306,貂蝉，你在想什么？,罗贯中/王允/李儒
2053,肖颖婕,286,秋裤和擀面杖,晓霞
3120,李佳妮,203,求婚女王,杜胜男
3121,陈思思,312,逐梦,陈雨虹
3127,张桥亮,133,周生如故,大师姐
3128,朱礼顺,94,谋杀歌谣,Tom
470,杨皓晨,94,谋杀歌谣,Tom
1587,范金锴,94,谋杀歌谣,Tom
817,王烨,94,谋杀歌谣,Michael
3129,赵海宇,94,谋杀歌谣,Michael
291,刘晓,94,谋杀歌谣,Narrator
1588,刘禹彤,94,谋杀歌谣,Narrator
3130,米立（廖律平）,114,雄狮少年,阿狗
1161,王樵知,148,忠诚,韩爱珍
1630,袁野,148,忠诚,王天平
230,黄可,148,忠诚,向晓玲
1780,朱羿达,15,桑塔露琪亚,Sonny Boy
967,孙博,15,桑塔露琪亚,Stevie
860,李玉言,15,桑塔露琪亚,Chi Chi
3131,王馨彤,237,丝路之声,大娘
27,殷浩伦,256,时光代理人,陆光
3132,杨浩然,256,时光代理人,陆光
1125,闫乐湟,256,时光代理人,乔苓
3133,王晰,307,光影少年,幻影
281,蒋倩如,307,光影少年,幻影
3134,宋瑀哲,307,光影少年,幻影
1502,黄子弘凡,307,光影少年,幻影
3135,伯远,307,光影少年,幻影
260,蔡淇,307,光影少年,幻影
259,毛二,307,光影少年,幻影
1323,叶麒圣,307,光影少年,幻影
3136,常思思,283,致青春,佟家玲
2701,周义晨,283,致青春,耿大可
35,赵超凡,204,嫌疑人X的献身,汤川学
1031,鲁芳岐,302,孤独城堡,娜拉
1777,孙一城,302,孤独城堡,世美
3137,刘馨悦,302,孤独城堡,娜拉
2053,肖颖婕,302,孤独城堡,娜拉
623,李昊阳,113,我和我的雷锋,王小羊
3143,祁详沅,113,我和我的雷锋,王小羊
3144,于惟一,113,我和我的雷锋,雷锋
2896,白子涵,113,我和我的雷锋,雷锋
3145,平静,113,我和我的雷锋,王佩玲/张母
3146,崔开,113,我和我的雷锋,张大亮/陈师傅
3147,陈嘉璐,113,我和我的雷锋,晓雅
1029,潘蕾蕾,113,我和我的雷锋,小杨
2423,王晟熙,113,我和我的雷锋,小叶
3148,滕奎兴,113,我和我的雷锋,张书记/校长
3149,赵亮,113,我和我的雷锋,辅导员/牛师傅
3150,高玉中,113,我和我的雷锋,指导员/张生
631,李依桐,113,我和我的雷锋,马树贵/工头
2511,李雅伦,113,我和我的雷锋,列车员/孔大娘
1697,刘子赫,259,当你心动时,叶白
3151,史金昊,259,当你心动时,叶白
1082,王桓,259,当你心动时,叶白
3152,谢华杰,259,当你心动时,叶白
3132,杨浩然,259,当你心动时,叶白
3153,张恒睿,259,当你心动时,叶白
482,朱微之,259,当你心动时,叶白
479,曹珺,259,当你心动时,小白
3154,杜知衡,259,当你心动时,小白
3521,陈昭如,489,那就返场！,江昱
2926,刘君豪,259,当你心动时,小白
964,宋凯文,259,当你心动时,小白
2020,王珏语涵,259,当你心动时,小白
2170,叶宇锋,259,当你心动时,小白
897,蔡馨怡,259,当你心动时,露露
3156,刘昱含,259,当你心动时,露露
1159,强东玥,259,当你心动时,露露
1469,小柯,100,等你爱我,邱晨
320,叶嘉雯,259,当你心动时,露露
575,徐佳文,313,怪物,里奥
2006,陈诗,313,怪物,里奥
686,宋元明,313,怪物,里奥
3158,蓝浩,313,怪物,里奥
905,黄浦申,313,怪物,里奥
3129,赵海宇,313,怪物,里奥
1777,孙一城,313,怪物,韦恩
682,邵立君,313,怪物,韦恩
976,薛钦元,313,怪物,韦恩
3159,吴盛祥,313,怪物,韦恩
1867,杨磊,313,怪物,韦恩
2876,褚威,313,怪物,韦恩
1410,高品,79,少年歌行·梵音谣,萧瑟
2163,刘泉君,148,忠诚,向晓辉
3160,韦宗园,148,忠诚,刘锦荣
317,朱涵彬,148,忠诚,向晓辉
3161,江真仪,148,忠诚,韩爱珍
1667,郑涵一,148,忠诚,韩爱珍
3162,庞华谦,148,忠诚,王天平
3163,维娜·伊力亚,148,忠诚,向晓玲
3164,李思影,148,忠诚,向晓玲
1845,戴家晟,148,忠诚,阿毛
3165,孙邵,148,忠诚,黑皮
2168,沈育奇,148,忠诚,小贩
1926,谢金格,148,忠诚,韩爱珍
3166,韩冰儿,148,忠诚,韩爱珍
1505,王浩然,148,忠诚,王天平
3167,周翊萱,148,忠诚,向晓玲
2452,罗晓筱,148,忠诚,向晓玲
669,蔡润基,31,摘星辰,云中君
509,徐梦,91,赵氏孤儿,程妻
3168,王天一,298,下一站爱人,张驰
3169,倪俊,298,下一站爱人,李小帅
3170,陆涵艺,298,下一站爱人,刘米奇
1190,覃一凡,259,当你心动时,露露
985,梁宵默,314,画中人,靖元
1647,徐晞城,314,画中人,靖元
975,王世鑫,314,画中人,靖元
981,张鑫澳,314,画中人,靖元
864,周靖杰,314,画中人,靖元
3171,朱然然,314,画中人,靖元
605,李信,314,画中人,靖元
573,缪卓凡,314,画中人,洛川
572,施天玮,314,画中人,洛川
982,文振宇,314,画中人,洛川
3172,王珂,314,画中人,洛川
3173,郭浩然,314,画中人,赤珣
3174,叶锐,314,画中人,赤珣
828,张智伟,314,画中人,赤珣
506,徐梦迪,7,白夜行,藤村都子
878,姜清华,1,I LOVE YOU…,钢琴
2517,欧阳朵朵,1,I LOVE YOU…,小提琴
97,蔡忻如,74,月亮与六便士,艾米&老板娘
3175,王星雨,74,月亮与六便士,威廉&斯特里夫
3176,李昕隆,103,梦微之,白居易
967,孙博,103,梦微之,白居易
751,吴以瀚,103,梦微之,元稹
1700,尚一航,103,梦微之,元稹
3177,琚茂林,103,梦微之,元稹
2169,卢翰林,67,嗜血博士,乔纳森
478,夏阳,14,小说,格雷·亨特
286,湛嘉丽,306,貂蝉，你在想什么？,貂蝉
3178,李文君,116,LIZZIE丽兹,LIZZIE
684,吴杭律,116,LIZZIE丽兹,LIZZIE
2158,钱可欣,116,LIZZIE丽兹,EMMA
1020,杜钇樵,116,LIZZIE丽兹,BRIDGET
1172,胥子含,116,LIZZIE丽兹,ALICE
259,毛二,316,末日迷途,海曼
478,夏阳,316,末日迷途,海曼
264,相征,316,末日迷途,海曼
575,徐佳文,316,末日迷途,海曼
2451,周一男,316,末日迷途,海曼
2170,叶宇锋,316,末日迷途,海曼
2169,卢翰林,316,末日迷途,海曼
1410,高品,316,末日迷途,海曼
993,刘朱烨,316,末日迷途,海曼
2872,王瑞,316,末日迷途,海曼
25,徐泽辉,316,末日迷途,威廉
467,钟嘉诚,316,末日迷途,威廉
299,顾易,316,末日迷途,威廉
297,何铭海,316,末日迷途,威廉
896,余镇鳌,316,末日迷途,威廉
577,汤佳明,316,末日迷途,威廉
346,阿拉丁,316,末日迷途,威廉
571,马灵奇,316,末日迷途,威廉
682,邵立君,316,末日迷途,威廉
2168,沈育奇,316,末日迷途,威廉
3179,邱俊阳,316,末日迷途,威廉
287,陈玉婷,316,末日迷途,贝拉
511,陈恬,316,末日迷途,贝拉
143,严小北,316,末日迷途,贝拉
579,洪果,316,末日迷途,贝拉
290,钱安琪,316,末日迷途,贝拉
683,邓贤凌,316,末日迷途,贝拉
318,潘珏辰,316,末日迷途,贝拉
2934,王允宸,316,末日迷途,贝拉
1863,徐蜜聪,316,末日迷途,贝拉
307,罗玉玲,316,末日迷途,贝拉
274,张沁丹,316,末日迷途,阿曼达
282,王子浠,316,末日迷途,阿曼达
499,孙乐仟,316,末日迷途,阿曼达
358,蒋芸,316,末日迷途,阿曼达
280,赵雨卉,316,末日迷途,阿曼达
897,蔡馨怡,316,末日迷途,阿曼达
2622,冯镝霏,316,末日迷途,阿曼达
1160,林燕婷,316,末日迷途,阿曼达
3180,曹蘅,316,末日迷途,阿曼达
2583,陈彦羽,316,末日迷途,阿曼达
3181,叶竞,307,光影少年,幻影
1826,鞠红川,317,大江东去,苏轼
1255,袁东方,317,大江东去,王闰之
3182,谢一梅,317,大江东去,任采莲
3183,谭薇,317,大江东去,任采莲
606,陆艺火,317,大江东去,陈季常
174,周默涵,317,大江东去,陈季常
42,吴勃臻,317,大江东去,马梦得
2482,李科,317,大江东去,徐知州
2480,郭格羽,317,大江东去,徐知州
2484,郭毕东,317,大江东去,继莲和尚
2033,李雪银,291,东莞东,王雪英
3184,蔡鹏飞,291,东莞东,财哥
1650,陈诗丹,116,LIZZIE丽兹,LIZZIE
3166,韩冰儿,116,LIZZIE丽兹,LIZZIE
3185,程晨,116,LIZZIE丽兹,LIZZIE
3186,李彤,116,LIZZIE丽兹,EMMA
1171,王竞琦,116,LIZZIE丽兹,EMMA
3187,夏云梦,116,LIZZIE丽兹,EMMA
626,王明怡,116,LIZZIE丽兹,BRIDGET
21,林润欣,116,LIZZIE丽兹,ALICE
3188,俞佳一,116,LIZZIE丽兹,ALICE
3189,石恩知,116,LIZZIE丽兹,ALICE
985,梁宵默,319,因味爱，所以爱,刘焱
1082,王桓,319,因味爱，所以爱,刘焱
3190,刘恒瑜,319,因味爱，所以爱,林淼淼
302,杜航,319,因味爱，所以爱,马子俊
574,管重昊,319,因味爱，所以爱,马子俊
1650,陈诗丹,319,因味爱，所以爱,钱雨霏/甜甜
309,张艺,319,因味爱，所以爱,钱雨霏/甜甜
3191,钟楚依,319,因味爱，所以爱,钱雨霏/甜甜
908,陈旭茂,319,因味爱，所以爱,卓先生/经纪人
314,毛寅东,319,因味爱，所以爱,卓先生/经纪人
857,脱骁尧,319,因味爱，所以爱,卓先生/经纪人
3192,霍乃城,72,将进酒,李白（舞）
2482,李科,306,貂蝉，你在想什么？,吕布
256,张泽,320,太阳黑子,辛小丰
1903,冒海飞,320,太阳黑子,辛小丰
471,钟舜傲,320,太阳黑子,辛小丰
481,王培杰,320,太阳黑子,伊谷春
1323,叶麒圣,320,太阳黑子,伊谷春
1307,刘岩,320,太阳黑子,伊谷春
468,赵伟钢,320,太阳黑子,伊谷春
215,马良,320,太阳黑子,杨自道
216,李秋盟,320,太阳黑子,杨自道
675,遇泓羊,320,太阳黑子,杨自道
968,王逸飞,320,太阳黑子,陈比觉
222,徐奕然,320,太阳黑子,陈比觉
221,蛋蛋,320,太阳黑子,陈比觉
1504,宁梦恬,320,太阳黑子,伊谷夏
20,余思冉,320,太阳黑子,伊谷夏
98,崔秀丽,320,太阳黑子,伊谷夏
224,李泽熙,320,太阳黑子,卓生发
175,桑可舟,320,太阳黑子,卓生发
857,脱骁尧,320,太阳黑子,卓生发
468,赵伟钢,60,觉醒年代,陈独秀
1262,毋子玥,20,无法访问,林嘉怡
257,高杨,20,无法访问,窦豆
2216,杨闫乐,20,无法访问,姜大海
721,叶炫清,307,光影少年,幻影
3194,庄云龙,25,有一天,严向晖
3195,霍治帆,25,有一天,李振荣
3196,叶托利,25,有一天,吴笛
106,许乐,25,有一天,许连城
103,王博文,25,有一天,黎明
3197,张由吉,25,有一天,蔡奉先
3198,孔艺萌,25,有一天,林如梦
1085,于梦滢,321,Boom！夏卡拉卡,乐满分
2572,郭珍艳,321,Boom！夏卡拉卡,乐满分
2966,陶文文,321,Boom！夏卡拉卡,乐满分
1667,郑涵一,321,Boom！夏卡拉卡,乐满分
844,王天择,321,Boom！夏卡拉卡,赫兹
713,赵毅劼,321,Boom！夏卡拉卡,赫兹
226,崔承宇,321,Boom！夏卡拉卡,赫兹
974,杜皓云,321,Boom！夏卡拉卡,赫兹
1344,陈楷,321,Boom！夏卡拉卡,Multi Man
959,董豫辰,321,Boom！夏卡拉卡,Multi Man
217,孙金瀚,321,Boom！夏卡拉卡,Multi Man
429,于滨嘉,321,Boom！夏卡拉卡,Multi Man
967,孙博,14,小说,休·戴克
581,赵子萌,10,FLAMES火焰,梅瑞狄斯
232,吴志军,322,星图,江清源
25,徐泽辉,322,星图,江清源
960,尹智博,322,星图,江清源
205,张智涵,322,星图,江清源
239,霍泽安,322,星图,孔繁星
2446,姜义哲,322,星图,孔繁星
476,李磊,322,星图,孔繁星
2926,刘君豪,322,星图,孔繁星
223,徐杭,322,星图,孔繁星
1306,张博俊,322,星图,孔繁星
427,白瀚祥,322,星图,叶思源
3199,胡格畅,322,星图,叶思源
1607,邵玎,322,星图,叶思源
1236,王智威,322,星图,叶思源
238,赵钱龙,322,星图,叶思源
683,邓贤凌,322,星图,戴望星
44,樊苏颐,322,星图,戴望星
3200,柳智彦,322,星图,戴望星
143,严小北,322,星图,戴望星
2017,张诗漫,322,星图,戴望星
3201,黄圣淇,322,星图,多功能
3202,黄骁文,322,星图,多功能
210,姜均,322,星图,多功能
353,李浩楠,322,星图,多功能
224,李泽熙,322,星图,多功能
1754,申帅,322,星图,多功能
3203,张一冉,323,喜事喜事,李雪娟
3204,孙曼萍,323,喜事喜事,杨云莉
2771,刘治威,323,喜事喜事,陈良好
3205,崔天啸,323,喜事喜事,胡罗生
3206,宫思怡,323,喜事喜事,王小梅
1796,宗雪健,324,命运之上,Johnny
3207,翟李朔天,324,命运之上,Johnny
1921,郭泽学,324,命运之上,Johnny
1083,刘勃汐,324,命运之上,Johnny
287,陈玉婷,324,命运之上,Shirley
894,田梦,324,命运之上,Shirley
3208,邓茹月,324,命运之上,Shirley
1167,黄雨蝶,324,命运之上,Shirley
1542,乐巍,324,命运之上,路西法
262,舒杨,324,命运之上,路西法
3209,唐子晗,324,命运之上,路西法
357,年蔓婷,324,命运之上,拉斐尔
3210,王雅馨,324,命运之上,拉斐尔
3211,张依然,324,命运之上,拉斐尔
3212,周艺聪,324,命运之上,拉斐尔
384,喻越越,317,大江东去,王闰之
2018,江珊,317,大江东去,任采莲
3213,谢素豪,317,大江东去,陈季常
1256,淮梓伦,317,大江东去,徐知州
1258,袁子玉,317,大江东去,农妇
711,宗俊涛,317,大江东去,苏轼
3214,郭琛,317,大江东去,王闰之
1540,李金哲,317,大江东去,徐知州
2094,赵晏伯,317,大江东去,陈季常
3087,赵国砚,317,大江东去,马梦得
3215,张莹兰,317,大江东去,农妇
3216,张雨桐,177,嘿！亚利桑那,简
1169,赵嘉恒,177,嘿！亚利桑那,比利
977,赵奕然,177,嘿！亚利桑那,怀亚特
1170,姚一依,177,嘿！亚利桑那,约瑟芬
3217,裴昊轶,177,嘿！亚利桑那,强尼
2783,张飞扬,177,嘿！亚利桑那,哈利
1898,张弋,177,嘿！亚利桑那,波特
3246,张雨桐,177,嘿！亚利桑那,约瑟芬
2038,田格,177,嘿！亚利桑那,简
974,杜皓云,177,嘿！亚利桑那,比利
2363,蒋佳君,177,嘿！亚利桑那,怀亚特
3218,李京洙,177,嘿！亚利桑那,波特
2781,于畅,177,嘿！亚利桑那,强尼
268,吴俊鹏,296,疯子与赞美诗,疯子
959,董豫辰,296,疯子与赞美诗,疯子
2950,黄思惟,296,疯子与赞美诗,疯子
274,张沁丹,296,疯子与赞美诗,疯子
2158,钱可欣,296,疯子与赞美诗,疯子
3219,乌丽雅苏,296,疯子与赞美诗,疯子
824,赵洪博,296,疯子与赞美诗,李默
229,恩妤,296,疯子与赞美诗,李默
1172,胥子含,296,疯子与赞美诗,李默
903,左一平,296,疯子与赞美诗,李默
3220,信肖乐,326,穿越1839,国强
3221,董斌,326,穿越1839,阿龙
3222,李步凡,326,穿越1839,英妹
3223,张敬旅,326,穿越1839,豪仔
3224,周雪芹,326,穿越1839,猪头荣
3118,杭筱玥,10,FLAMES火焰,梅瑞狄斯
976,薛钦元,10,FLAMES火焰,爱德蒙
1697,刘子赫,10,FLAMES火焰,埃里克
2110,欧阳乔子,10,FLAMES火焰,梅瑞狄斯
1163,韩逸秋,10,FLAMES火焰,爱德蒙
2571,张力升,10,FLAMES火焰,埃里克
3190,刘恒瑜,10,FLAMES火焰,梅瑞狄斯
772,陈棋尔,10,FLAMES火焰,梅瑞狄斯
469,贾凡,328,北上,谢平遥
37,李宸希,328,北上,谢平遥
346,阿拉丁,328,北上,小波罗
1707,索朗顿珠,328,北上,小波罗
834,曹小欠儿,328,北上,天香/孙宴临
2896,白子涵,328,北上,邵常来
1237,张淼龙,328,北上,邵常来
3225,方凌,328,北上,孙过程
3226,陈弈鸣,328,北上,谢望和
2829,韩志贤,328,北上,郑千山
2830,索南,328,北上,孙过路
2872,王瑞,10,FLAMES火焰,埃里克
2490,金池,114,雄狮少年,阿珍
3229,李思奇,223,消失的她,酒吧服务员（女）
582,杨颖,223,消失的她,酒吧服务员（女）
3050,冯钰涵,223,消失的她,银河书店老板
3230,邵玉姣,323,喜事喜事,焦玲
3231,蔡松廷,330,OZ,俊一
603,李卓远,330,OZ,俊一
3232,栾靖宇,330,OZ,俊一
2165,王炳,330,OZ,俊一
976,薛钦元,330,OZ,俊一
977,赵奕然,330,OZ,俊一
1625,周宇杰,330,OZ,俊一
3128,朱礼顺,330,OZ,俊一
3233,成昊宇,330,OZ,铁皮
3234,郭之阳,330,OZ,铁皮
993,刘朱烨,330,OZ,铁皮
1700,尚一航,330,OZ,铁皮
3235,臧鲁滨,330,OZ,铁皮
3236,张梁栋,330,OZ,铁皮
3237,章庭链,330,OZ,铁皮
666,诸葛北辰,330,OZ,铁皮
3238,陈蕴,330,OZ,MAX
3073,梁庆海,330,OZ,MAX
2953,廖哲珣,330,OZ,MAX
3239,蒲铖,330,OZ,MAX
2905,亓振源,330,OZ,MAX
3240,肖笛,330,OZ,MAX
3241,金谦逊,330,OZ,BUTTON
3242,刘凡滔,330,OZ,BUTTON
1697,刘子赫,330,OZ,BUTTON
3243,张宇熙,330,OZ,BUTTON
3244,庄凯俊,330,OZ,BUTTON
98,崔秀丽,293,婚礼歌手,茱莉娅
776,杜鑫艳,293,婚礼歌手,霍莉
3245,吴迪,237,丝路之声,刘子衡
1344,陈楷,331,决斗,天天
2169,卢翰林,331,决斗,天天
3239,蒲铖,331,决斗,天天
2965,王佳宽,331,决斗,天天
957,温升宝,331,决斗,天天
896,余镇鳌,331,决斗,天天
1410,高品,331,决斗,飞龙
3158,蓝浩,331,决斗,飞龙
826,李存贤,331,决斗,飞龙
476,李磊,331,决斗,飞龙
105,刘一谷,331,决斗,飞龙
964,宋凯文,331,决斗,飞龙
824,赵洪博,331,决斗,飞龙
1659,赵嘉豪,331,决斗,飞龙
427,白瀚祥,331,决斗,醉仙
962,车鸣笛,331,决斗,醉仙
213,傅祥安,331,决斗,醉仙
216,李秋盟,331,决斗,醉仙
985,梁宵默,331,决斗,醉仙
298,刘官卫,331,决斗,醉仙
963,刘瀚聪,331,决斗,醉仙
1370,宋周鑫,331,决斗,醉仙
226,崔承宇,331,决斗,猛刀
267,胡迪,331,决斗,猛刀
3179,邱俊阳,331,决斗,猛刀
572,施天玮,331,决斗,猛刀
968,王逸飞,331,决斗,猛刀
3181,叶竞,331,决斗,猛刀
2170,叶宇锋,331,决斗,猛刀
1305,张琛,331,决斗,猛刀
1695,任静怡,3,我，堂吉诃德,管家
3247,黄玟宇,3,我，堂吉诃德,安东尼娅
2028,李泽楷,332,喜欢你,阿声
3248,劳其森,332,喜欢你,阿声
1585,黄晓婕,332,喜欢你,阿鼓
3249,曾德轩,332,喜欢你,阿鼓
3250,王东超,332,喜欢你,阿虎
3251,黄子强,332,喜欢你,阿虎
3252,宋奕彤,332,喜欢你,阿细
785,孙澜月,332,喜欢你,阿细
3253,杨浩,332,喜欢你,声爸
2030,王璀璇,332,喜欢你,虎爸
2027,刘柏辰,332,喜欢你,垃圾佬（声爷）
2029,王尊强,332,喜欢你,垃圾佬（声爷）
43,陈沁,114,雄狮少年,阿珍
2697,张赛怡,325,女侠请留步,路遥
2033,李雪银,325,女侠请留步,路遥
3254,马赫,325,女侠请留步,端少爷
2698,牟潇钰,325,女侠请留步,妈妈
2774,乌尼思,325,女侠请留步,妈妈
3255,张贝伊,325,女侠请留步,妈妈
1778,杨少泽,325,女侠请留步,陈辉
2997,许庆泽,325,女侠请留步,小胖
833,刁梦雪,325,女侠请留步,忆之花
3256,谭茜,325,女侠请留步,龙香香
3257,许佳露,325,女侠请留步,龙香香
3258,佘佳霖,325,女侠请留步,赵大宝
3259,于瀚钧,325,女侠请留步,孔德意
147,周国帅,325,女侠请留步,王爷
1035,李子健,325,女侠请留步,侍卫甲
3260,佘鹏飞,325,女侠请留步,侍卫乙
3261,王铭豪,321,Boom！夏卡拉卡,Multi Man
299,顾易,313,怪物,里奥
1849,李金城,114,雄狮少年,阿猫
2697,张赛怡,35,威尼斯商人,鲍西亚
1777,孙一城,35,威尼斯商人,巴萨尼奥
2007,汤邵文,10,FLAMES火焰,埃里克
968,王逸飞,46,卡拉马佐夫兄弟,德米特里
3262,何皆璇,247,爱情神话,白鸽
429,于滨嘉,46,卡拉马佐夫兄弟,德米特里
3263,胡楚浩,46,卡拉马佐夫兄弟,伊万
756,姜崃,46,卡拉马佐夫兄弟,阿辽沙
2872,王瑞,46,卡拉马佐夫兄弟,斯乜尔加科夫
3264,拜荣基,46,卡拉马佐夫兄弟,斯乜尔加科夫
3132,杨浩然,14,小说,怀特·希斯曼
482,朱微之,14,小说,休·戴克
3239,蒲铖,14,小说,休·戴克
3128,朱礼顺,14,小说,休·戴克
1182,肖茜尹,336,画廊遗梦,狄安娜
3265,勾宇欣,336,画廊遗梦,狄安娜
3263,胡楚浩,336,画廊遗梦,飞然
1183,史博伟,336,画廊遗梦,普希金
3266,周崇祥,177,嘿！亚利桑那,哈利
287,陈玉婷,149,诗与星,辛辰
712,高雨晨,309,狂炎奏鸣曲,J
3267,叶筱玮,309,狂炎奏鸣曲,S
467,钟嘉诚,309,狂炎奏鸣曲,S
2672,王帅,32,沉默的真相,江阳
3268,张睿文,32,沉默的真相,严良
3269,赵倩雯,32,沉默的真相,李静
2673,陈莹,32,沉默的真相,玲玲
3270,阮瑛伦,32,沉默的真相,张超
3271,周杰,32,沉默的真相,朱伟
3272,赵奇,32,沉默的真相,陈明章
3273,杨政清,32,沉默的真相,赵铁民
3111,雷伟峰,32,沉默的真相,李建国
2674,邝丹洁,32,沉默的真相,吴爱可
3274,仇科航,32,沉默的真相,岳军
3275,石特,32,沉默的真相,孙红运
3276,潘稳,32,沉默的真相,高栋
3277,卓德银,32,沉默的真相,多功能2
3278,李琳,32,沉默的真相,多功能3
3279,孙乾龙,32,沉默的真相,多功能1
1626,许昌泰,313,怪物,里奥
895,万钰彬,313,怪物,韦恩
2872,王瑞,313,怪物,韦恩
570,白一博,324,命运之上,路西法
474,马小乔,324,命运之上,Shirley
1263,桑云龙,317,大江东去,通判
1404,高天鹤,317,大江东去,苏轼
1412,袁岱,317,大江东去,继莲和尚
971,廖城志,177,嘿！亚利桑那,哈利
3280,俞更寅,307,光影少年,幻影
300,田野,324,命运之上,Johnny
3281,符雅凝,257,斗阵！沙坡尾,吕晓航
3282,李鑫一,257,斗阵！沙坡尾,纪天齐
975,王世鑫,177,嘿！亚利桑那,怀亚特
775,丁辰西,296,疯子与赞美诗,疯子
282,王子浠,296,疯子与赞美诗,疯子
219,李梓溪,296,疯子与赞美诗,李默
578,葛洧吟,296,疯子与赞美诗,李默
202,老孙（孙中泽）,296,疯子与赞美诗,疯子
3283,赵晓歌,296,疯子与赞美诗,李默
2571,张力升,14,小说,格雷·亨特
1173,苗梦初,63,哈姆雷特,葛楚德
3284,明道,91,赵氏孤儿,屠岸贾
2648,巴文豪,15,桑塔露琪亚,Stevie
854,朱亚洲,15,桑塔露琪亚,Stevie
983,曾阵,15,桑塔露琪亚,Stevie
3285,陈政宇,15,桑塔露琪亚,Chi Chi
1846,武冠辰,15,桑塔露琪亚,Sonny Boy
856,杨宇威,15,桑塔露琪亚,Sonny Boy
44,樊苏颐,276,不好意思！生不生娃让我好好想一想,莫丹华
280,赵雨卉,276,不好意思！生不生娃让我好好想一想,程佳文
1410,高品,15,桑塔露琪亚,Sonny Boy
668,王富有,54,辛吉路的画材店,卡路
2179,郑金铠,54,辛吉路的画材店,卡路
1080,钟子崴,54,辛吉路的画材店,卡路
2282,樊哲,54,辛吉路的画材店,塞修
1691,李俊杰,54,辛吉路的画材店,塞修
1625,周宇杰,54,辛吉路的画材店,塞修
1552,杜牧,54,辛吉路的画材店,辛吉
1169,赵嘉恒,54,辛吉路的画材店,辛吉
977,赵奕然,54,辛吉路的画材店,辛吉
3286,黄强,281,双面奇才,陈老五
625,赵昀迪,281,双面奇才,妮娜
905,黄浦申,10,FLAMES火焰,爱德蒙
97,蔡忻如,10,FLAMES火焰,梅瑞狄斯
256,张泽,118,摇滚浮士德,X-黑暗
269,徐昊,118,摇滚浮士德,X-黑暗
471,钟舜傲,118,摇滚浮士德,X-光明
469,贾凡,118,摇滚浮士德,X-光明
674,王敏辉,118,摇滚浮士德,X-光明
267,胡迪,118,摇滚浮士德,约翰·浮士德
712,高雨晨,118,摇滚浮士德,约翰·浮士德
35,赵超凡,118,摇滚浮士德,约翰·浮士德
847,朱亮,118,摇滚浮士德,约翰·浮士德
1665,徐丽东,118,摇滚浮士德,格雷琴
764,崔恩尔,118,摇滚浮士德,格雷琴
496,丁辉,136,扬名立万,李家辉
174,周默涵,136,扬名立万,李家辉
1780,朱羿达,136,扬名立万,李家辉
1918,尤宣程,136,扬名立万,李家辉
35,赵超凡,136,扬名立万,齐乐山
102,赵穆宸,136,扬名立万,齐乐山
173,孙圣凯,136,扬名立万,齐乐山
271,丁臻滢,136,扬名立万,苏梦蝶
762,吕润桐,136,扬名立万,苏梦蝶
2746,应雨宸,136,扬名立万,苏梦蝶
278,于佳鑫,136,扬名立万,苏梦蝶
3287,赵徴羽,136,扬名立万,苏梦蝶
42,吴勃臻,136,扬名立万,郑千里
2216,杨闫乐,136,扬名立万,郑千里
178,郝晓辉,136,扬名立万,陆子野
979,范杰,136,扬名立万,陆子野
3288,周子程,136,扬名立万,陆子野
3207,翟李朔天,136,扬名立万,关静年
3289,张耀之,136,扬名立万,关静年
3290,黄新宇,136,扬名立万,陈小达
3291,邱卓超,136,扬名立万,陈小达
3152,谢华杰,136,扬名立万,陈小达
297,何铭海,324,命运之上,Johnny
230,黄可,324,命运之上,Shirley
97,蔡忻如,324,命运之上,拉斐尔
284,陈旭,324,命运之上,拉斐尔
2487,谭淳之,324,命运之上,拉斐尔
232,吴志军,337,锦衣卫之刀与花,风舞阳
205,张智涵,337,锦衣卫之刀与花,风舞阳
256,张泽,337,锦衣卫之刀与花,梅霜花
1323,叶麒圣,337,锦衣卫之刀与花,梅霜花
223,徐杭,337,锦衣卫之刀与花,梅霜花
713,赵毅劼,337,锦衣卫之刀与花,马醉灯
216,李秋盟,337,锦衣卫之刀与花,马醉灯
25,徐泽辉,337,锦衣卫之刀与花,汉王
507,张玮伦,337,锦衣卫之刀与花,汉王
1607,邵玎,337,锦衣卫之刀与花,朱瞻基
238,赵钱龙,337,锦衣卫之刀与花,朱瞻基
2017,张诗漫,337,锦衣卫之刀与花,孙贵妃
2622,冯镝霏,337,锦衣卫之刀与花,孙贵妃
275,申霓,337,锦衣卫之刀与花,夜凌霄
44,樊苏颐,337,锦衣卫之刀与花,夜凌霄
26,胡芳洲,337,锦衣卫之刀与花,侯公公
430,江泽辰,337,锦衣卫之刀与花,龙连营
239,霍泽安,337,锦衣卫之刀与花,龙连营
3201,黄圣淇,337,锦衣卫之刀与花,龙连营
1796,宗雪健,337,锦衣卫之刀与花,风树
1754,申帅,337,锦衣卫之刀与花,歌队
210,姜均,337,锦衣卫之刀与花,歌队
3202,黄骁文,337,锦衣卫之刀与花,歌队
3292,李季,337,锦衣卫之刀与花,歌队
3200,柳智彦,337,锦衣卫之刀与花,歌队
353,李浩楠,337,锦衣卫之刀与花,歌队
3293,冯丽冰,337,锦衣卫之刀与花,歌队
3294,胡志勋,338,茶无此人,石头
965,元佳辰,338,茶无此人,石头
2678,赵辰睿,338,茶无此人,石头
1627,陈韬,338,茶无此人,吴名士
1188,潘龙,338,茶无此人,吴名士
3295,应忆俊,338,茶无此人,吴名士
2012,刘羿含,338,茶无此人,洪瑛
2082,王晶琬,338,茶无此人,洪瑛
220,张梦嫣,338,茶无此人,洪瑛
707,李怡垚,338,茶无此人,江鱼儿
3296,安吉儿,338,茶无此人,江鱼儿
3117,陈卓,338,茶无此人,黄九良
3297,方敬萱,338,茶无此人,范泰
3298,龚泽镪,338,茶无此人,范泰
258,郑艺彬,340,危险的怜悯,霍夫米勒
261,郭嘉轩,340,危险的怜悯,霍夫米勒
716,张会芳,340,危险的怜悯,艾蒂丝
20,余思冉,340,危险的怜悯,艾蒂丝
496,丁辉,340,危险的怜悯,康铎医生
467,钟嘉诚,340,危险的怜悯,康铎医生
1174,付世刚,340,危险的怜悯,凯科斯法瓦
714,孙欣业,340,危险的怜悯,凯科斯法瓦
3299,陈泷,264,我要你,高达
3320,吴志峰,345,大河长歌,何长歌
745,刘思维,325,女侠请留步,端少爷
2871,田祥晔,324,命运之上,Johnny
257,高杨,342,潮起东方,林深
35,赵超凡,342,潮起东方,林深
174,周默涵,342,潮起东方,林深
2464,王凯,342,潮起东方,王恒山
1826,鞠红川,342,潮起东方,王恒山
2094,赵晏伯,342,潮起东方,王恒山
384,喻越越,342,潮起东方,徐梦遥
506,徐梦迪,342,潮起东方,徐梦遥
1902,张心心,342,潮起东方,徐梦遥
3300,焉栩嘉,342,潮起东方,马新阳
2609,张腾,342,潮起东方,马新阳
672,文邺辰,342,潮起东方,马新阳
549,蔡鹏,342,潮起东方,张首席
3301,孙康,342,潮起东方,马良友
2705,张天玮,342,潮起东方,马良友
3302,张泽浩,342,潮起东方,马良友
3303,邹宇昂,342,潮起东方,马良友
2768,李想,342,潮起东方,李大梅
1261,王迎月圆,342,潮起东方,李大梅
626,王明怡,342,潮起东方,李大梅
3077,杨子言,342,潮起东方,徐光博
1408,董志勇,342,潮起东方,徐光博
1307,刘岩,343,无间道,陈永仁
1189,马海生,343,无间道,刘建明
3304,邵峰,343,无间道,韩琛
310,傅震华,343,无间道,黄志诚
143,严小北,343,无间道,Mary
277,莫海婧,343,无间道,李心儿
1305,张琛,343,无间道,林国平
698,王壹,343,无间道,傻强
2953,廖哲珣,343,无间道,迪比亚路
1018,李子涵,343,无间道,张警官
1867,杨磊,343,无间道,梁科长
1086,褚俊驰,343,无间道,泰国佬
3219,乌丽雅苏,343,无间道,Fanny
233,杨济连,343,无间道,May
1776,高星衍,35,威尼斯商人,巴萨尼奥
434,早安,344,东楼,周梦麟/李慎龙
763,冯鑫垚,344,东楼,侯阿娇
3305,芮雪,344,东楼,虎王子
3306,咔咔,344,东楼,虎王子
3307,王相周,344,东楼,柳香香
3308,申方园,344,东楼,周天和
3309,薛雷,344,东楼,马公公
3310,卢鑫,344,东楼,吕壮志
3311,沈川绮,344,东楼,吕传奇
3050,冯钰涵,47,画皮,白狐
1650,陈诗丹,47,画皮,白狐
304,徐步超,47,画皮,王升
2875,陈津伟,47,画皮,王升
2767,马凯漪,47,画皮,黑狐
3312,赵宇婕,47,画皮,黑狐
3313,蔡佳怡,47,画皮,穆欣
3314,刘珈茵,47,画皮,穆欣
147,周国帅,47,画皮,丧坤
2227,梁广,47,画皮,富贵
3316,孙震林,47,画皮,大帝/道长
2506,毛迪,47,画皮,员外
3317,方兴瑞芸,47,画皮,豆蔻
978,杜舟,177,嘿！亚利桑那,强尼
2283,王佑名,177,嘿！亚利桑那,比利
3318,唐瑞,177,嘿！亚利桑那,简
3319,黄润鑫,177,嘿！亚利桑那,波特
2700,李龙,345,大河长歌,王乐奎
1257,代玮,345,大河长歌,王玉明
3321,在帝,345,大河长歌,王玉明
620,米晨晨,345,大河长歌,何娟娟
2384,王婉凝,345,大河长歌,何娟娟
1577,于洋,345,大河长歌,王媳
3322,胡星浩,345,大河长歌,金玲
505,白举纲,346,海上钢琴师,1900
30,刘令飞,346,海上钢琴师,1900
211,徐均朔,346,海上钢琴师,1900
31,何亮辰,346,海上钢琴师,莫顿
36,马添龙,346,海上钢琴师,莫顿
3207,翟李朔天,346,海上钢琴师,莫顿
260,蔡淇,346,海上钢琴师,蒂姆
470,杨皓晨,346,海上钢琴师,蒂姆
467,钟嘉诚,346,海上钢琴师,蒂姆
428,李炜铃,346,海上钢琴师,盖亚
218,刘浩冉,346,海上钢琴师,盖亚
33,潘杭苇,346,海上钢琴师,盖亚
605,李信,346,海上钢琴师,丹尼
3323,刘畅,346,海上钢琴师,丹尼
230,黄可,316,末日迷途,贝拉
3324,李卓禧,324,命运之上,拉斐尔
3325,Trenton Schneiders,247,爱情神话,亚历山大
1019,刘明明,320,太阳黑子,Jerry
1018,李子涵,320,太阳黑子,Jerry
3326,杨镇羿,320,太阳黑子,Jerry
2170,叶宇锋,320,太阳黑子,何松
2169,卢翰林,320,太阳黑子,何松
3179,邱俊阳,320,太阳黑子,何松
2165,王炳,320,太阳黑子,丁海峰
2905,亓振源,320,太阳黑子,丁海峰
967,孙博,320,太阳黑子,丁海峰
3327,刘梦扬,320,太阳黑子,赵警官
580,贾景伊,320,太阳黑子,赵警官
322,毛珏懿,320,太阳黑子,护士
1327,何若水,320,太阳黑子,护士
3328,乐家铭,171,醉后赢家,李丁一
3329,王君睿,171,醉后赢家,李丁一
3330,徐修齐,171,醉后赢家,杨鼎天
3331,嘉言,171,醉后赢家,杨鼎天
3332,李浩延,171,醉后赢家,杨鼎天
3333,李劲楠,171,醉后赢家,信佳佳
3334,杨胜,171,醉后赢家,周大福
3335,杨康康,171,醉后赢家,周大福
3336,葛一江,171,醉后赢家,周大福
3337,张琳以,171,醉后赢家,杜海燕
3338,李烨彤,171,醉后赢家,杜海燕
3339,陶诗佳,171,醉后赢家,杜海燕
3340,丁诗馨,171,醉后赢家,金小美
3341,周启光,171,醉后赢家,警察
3342,翟圣清,171,醉后赢家,警察
3343,陈莫,171,醉后赢家,李丁一
3344,赖荻,171,醉后赢家,信佳佳
287,陈玉婷,118,摇滚浮士德,格雷琴
3345,VaVa毛衍七,344,东楼,华玄机
3346,布瑞吉Bridge,344,东楼,华玄机
3347,史宗伦Xyber,344,东楼,华玄机
2180,王常凯,54,辛吉路的画材店,卡路
2998,陈思霖,54,辛吉路的画材店,卡路
864,周靖杰,54,辛吉路的画材店,塞修
971,廖城志,54,辛吉路的画材店,塞修
3348,丁梓奕,54,辛吉路的画材店,塞修
975,王世鑫,54,辛吉路的画材店,辛吉
102,赵穆宸,342,潮起东方,张首席
314,毛寅东,324,命运之上,路西法
3349,逯曦,350,第十四个子夜,花花
3385,廖若彤,350,第十四个子夜,花花
3350,刘子涵,350,第十四个子夜,花花
2810,秦宇星,350,第十四个子夜,花花
2789,王心怡,350,第十四个子夜,花花
2284,郑婉霞,350,第十四个子夜,花花
2729,黄磊,350,第十四个子夜,漫画家
2538,唐飞,350,第十四个子夜,漫画家
982,文振宇,350,第十四个子夜,漫画家
3351,谢锦,350,第十四个子夜,漫画家
2281,张金鑫,350,第十四个子夜,漫画家
970,韩佳旭,54,辛吉路的画材店,塞修
3355,黄子俊,350,第十四个子夜,冯辛
988,刘秫呈,350,第十四个子夜,冯辛
990,王皓,350,第十四个子夜,冯辛
981,张鑫澳,350,第十四个子夜,冯辛
3179,邱俊阳,256,时光代理人,陆光
864,周靖杰,350,第十四个子夜,冯辛
270,王瀚宇,253,纳尔齐斯与歌尔德蒙,纳尔齐斯
346,阿拉丁,253,纳尔齐斯与歌尔德蒙,纳尔齐斯
682,邵立君,253,纳尔齐斯与歌尔德蒙,纳尔齐斯
575,徐佳文,253,纳尔齐斯与歌尔德蒙,歌尔德蒙
3357,朱闻矞,351,星火（青春版）,黄学增
3358,夏丽娟,351,星火（青春版）,苏莲
3359,朱灿,351,星火（青春版）,地主
3360,许耀杰,351,星火（青春版）,陈植霖
3361,林健,351,星火（青春版）,管家
3362,何栋成,351,星火（青春版）,郑奭南
259,毛二,337,锦衣卫之刀与花,风舞阳
860,李玉言,337,锦衣卫之刀与花,朱瞻基
427,白瀚祥,337,锦衣卫之刀与花,侯公公
1758,王佳璇,337,锦衣卫之刀与花,歌队
139,周可人,13,两个人的谋杀,马库斯警官
3263,胡楚浩,13,两个人的谋杀,马库斯警官
3363,高扬,320,太阳黑子,卓生发
846,陈志,353,去你的夏天,游亦
3364,郭洋坤,353,去你的夏天,游亦
2096,卢天,353,去你的夏天,游亦
681,李政绪,353,去你的夏天,游亦
862,施博威,353,去你的夏天,游亦
758,邵奕磊,353,去你的夏天,游亦
1032,王浩楠,353,去你的夏天,游亦
2965,王佳宽,353,去你的夏天,游亦
761,高尔金宝音,353,去你的夏天,小松
842,郝李英杰,353,去你的夏天,小松
826,李存贤,353,去你的夏天,小松
3365,李楷文,353,去你的夏天,小松
624,徐天戈,353,去你的夏天,小松
2537,张家祺,353,去你的夏天,小松
847,朱亮,353,去你的夏天,小松
841,曹牧之,353,去你的夏天,小伟
3366,何严浩,353,去你的夏天,小伟
843,牛博为,353,去你的夏天,小伟
3367,赵轩民,353,去你的夏天,小伟
1706,席同歌,354,一仆二主,特鲁法尔金诺
760,刘思杰,354,一仆二主,特鲁法尔金诺
2761,孙璞欣,354,一仆二主,彼阿特利切
1029,潘蕾蕾,354,一仆二主,彼阿特利切
3143,祁详沅,354,一仆二主,弗罗林多
1034,郭禹良,354,一仆二主,弗罗林多
3368,蒋若晞,354,一仆二主,克拉里切
3369,曲冠琳,354,一仆二主,克拉里切
1776,高星衍,354,一仆二主,西里维厄
3054,皮云赫,354,一仆二主,西里维厄
480,于晓璘,355,咏春,陈刀荃
1508,王靖棋,355,咏春,陈刀荃
285,刘乙萱,355,咏春,林芬
1641,韩晶如,355,咏春,林芬
753,杨映宇,355,咏春,黄天
3371,张洪伟,355,咏春,黄天
3370,吴冠锋,355,咏春,黄天
1506,王嘉,355,咏春,许寅虎
1509,杜豪洪,355,咏春,许寅虎
2053,肖颖婕,355,咏春,陈传武
834,曹小欠儿,355,咏春,陈传武
3372,姜雨彤,355,咏春,陈传武
751,吴以瀚,355,咏春,陈承武
750,江东旭,355,咏春,陈承武
3373,木炎,355,咏春,吴美丽
2775,赵梓岑,355,咏春,吴美丽
832,秦子淳,355,咏春,吴美丽
608,邓欣锐,355,咏春,张刀克
759,云孟和,355,咏春,张刀克
1658,潘天国,355,咏春,杨刀郎
3374,蔡涵宇,355,咏春,杨刀郎
3375,孙越,355,咏春,刀塔
3228,尔江,355,咏春,刀塔
3376,郝龙,355,咏春,蒯元开
3377,吴富豪,355,咏春,蒯元开
3378,许婉婉,355,咏春,刘初一
3379,张稚梅,355,咏春,刘初一
1511,林世杰,355,咏春,马鸣鹤
3380,张鑫然,355,咏春,马鸣鹤
1655,邹楚瑜,355,咏春,帕拉萨特·巴赫提
3381,杨茗滟,355,咏春,帕拉萨特·巴赫提
775,丁辰西,358,她对此感到厌烦,莉莉丝
1020,杜钇樵,358,她对此感到厌烦,莉莉丝
357,年蔓婷,358,她对此感到厌烦,莉莉丝
288,王洁璐,358,她对此感到厌烦,莉莉丝
280,赵雨卉,358,她对此感到厌烦,莉莉丝
1538,党韫葳,358,她对此感到厌烦,辛西娅
687,陈博翰,182,隐婚男女,Kelvin
499,孙乐仟,358,她对此感到厌烦,辛西娅
3382,杨依泠,358,她对此感到厌烦,辛西娅
1667,郑涵一,358,她对此感到厌烦,辛西娅
274,张沁丹,358,她对此感到厌烦,辛西娅
287,陈玉婷,358,她对此感到厌烦,多琳
894,田梦,358,她对此感到厌烦,多琳
1172,胥子含,358,她对此感到厌烦,多琳
903,左一平,358,她对此感到厌烦,多琳
3166,韩冰儿,358,她对此感到厌烦,罗纳德
3383,李宇凡,358,她对此感到厌烦,罗纳德
603,李卓远,358,她对此感到厌烦,罗纳德
2020,王珏语涵,358,她对此感到厌烦,国王
780,黄偲,358,她对此感到厌烦,国王
817,王烨,358,她对此感到厌烦,国王
572,施天玮,359,正常营业,宇柏
192,王书琦,359,正常营业,宇柏
2451,周一男,359,正常营业,宇柏
1399,张铎,359,正常营业,宇柏
1410,高品,359,正常营业,阿然
971,廖城志,359,正常营业,阿然
1777,孙一城,359,正常营业,阿然
1082,王桓,359,正常营业,阿然
2571,张力升,359,正常营业,阿然
2648,巴文豪,359,正常营业,Lucas
570,白一博,359,正常营业,Lucas
2527,侯俊羽,359,正常营业,Lucas
817,王烨,359,正常营业,Lucas
1019,刘明明,359,正常营业,黑子
2898,邵斌,359,正常营业,黑子
676,许放星,359,正常营业,黑子
1079,刘洪书,359,正常营业,汪达富
224,李泽熙,359,正常营业,汪达富
316,饶恒宇,359,正常营业,汪达富
3384,孙义清,359,正常营业,汪达富
965,元佳辰,359,正常营业,汪达富
1691,李俊杰,10,FLAMES火焰,爱德蒙
2539,罗明晖,10,FLAMES火焰,爱德蒙
988,刘秫呈,10,FLAMES火焰,爱德蒙
981,张鑫澳,10,FLAMES火焰,爱德蒙
828,张智伟,10,FLAMES火焰,爱德蒙
2538,唐飞,10,FLAMES火焰,埃里克
3174,叶锐,10,FLAMES火焰,埃里克
864,周靖杰,10,FLAMES火焰,埃里克
858,曾鑫,10,FLAMES火焰,埃里克
3385,廖若彤,10,FLAMES火焰,梅瑞狄斯
2810,秦宇星,10,FLAMES火焰,梅瑞狄斯
3386,唐晨怡,10,FLAMES火焰,梅瑞狄斯
3387,唐瑾,10,FLAMES火焰,梅瑞狄斯
1318,徐郑凯伊,10,FLAMES火焰,梅瑞狄斯
2284,郑婉霞,10,FLAMES火焰,梅瑞狄斯
265,姜彬,136,扬名立万,关静年
3072,申昊川,359,正常营业,宇柏
3388,王钧霖,359,正常营业,黑子
896,余镇鳌,237,丝路之声,刘子衡
859,张毅凯,361,Jessica,Alex
3389,丘志诚,361,Jessica,Giovanni
1415,陈茜雅,182,隐婚男女,张静宜
1171,王竞琦,182,隐婚男女,张静宜
1608,娄睿,182,隐婚男女,张静宜
3390,郭晨晨,182,隐婚男女,张静宜
782,姜呈洋,182,隐婚男女,崔民国
2876,褚威,182,隐婚男女,崔民国
312,刘牧,182,隐婚男女,Tony
2181,王博睿,182,隐婚男女,Tony
908,陈旭茂,182,隐婚男女,Tony
3391,戴玉龙,182,隐婚男女,Tony
3392,卓忠贤,182,隐婚男女,Kelvin
3393,李伯尧,182,隐婚男女,Kelvin
482,朱微之,296,疯子与赞美诗,疯子
3394,徐晨曦,10,FLAMES火焰,梅瑞狄斯
3212,周艺聪,10,FLAMES火焰,梅瑞狄斯
782,姜呈洋,10,FLAMES火焰,爱德蒙
977,赵奕然,10,FLAMES火焰,爱德蒙
2639,陈壬权,10,FLAMES火焰,埃里克
2094,赵晏伯,363,再别康桥,志摩
171,明家歆,363,再别康桥,徽因
286,湛嘉丽,363,再别康桥,小曼
3315,廖李郁,363,再别康桥,幼仪
3395,吴泰亿,363,再别康桥,胡适
3396,苏芮琪,363,再别康桥,小曼
3397,韩毅,363,再别康桥,王庚
3398,吕浩,363,再别康桥,王庚
3399,梁高淼,363,再别康桥,王庚
3400,南浔,363,再别康桥,徽因
1173,苗梦初,91,赵氏孤儿,程妻
3401,俞嘉悦,324,命运之上,Shirley
2872,王瑞,324,命运之上,路西法
3159,吴盛祥,10,FLAMES火焰,爱德蒙
625,赵昀迪,177,嘿！亚利桑那,约瑟芬
3264,拜荣基,70,阿尔托，梵高,阿尔托
3235,臧鲁滨,70,阿尔托，梵高,阿尔托
2165,王炳,70,阿尔托，梵高,阿尔托
3234,郭之阳,70,阿尔托，梵高,梵高
2876,褚威,70,阿尔托，梵高,博士
3236,张梁栋,70,阿尔托，梵高,博士
3177,琚茂林,17,灯塔,霍普
3179,邱俊阳,17,灯塔,怀恩
2023,黄湙云,317,大江东去,通判
2006,陈诗,353,去你的夏天,游亦
3402,洪世昱,365,被忽略的姓名,李江鸥
3199,胡格畅,365,被忽略的姓名,李江鸥
603,李卓远,365,被忽略的姓名,李江鸥
3232,栾靖宇,365,被忽略的姓名,李江鸥
3239,蒲铖,365,被忽略的姓名,李江鸥
1700,尚一航,365,被忽略的姓名,李江鸥
2871,田祥晔,365,被忽略的姓名,李江鸥
3132,杨浩然,365,被忽略的姓名,李江鸥
2784,袁泽智,365,被忽略的姓名,李江鸥
1399,张铎,365,被忽略的姓名,李江鸥
977,赵奕然,365,被忽略的姓名,李江鸥
1625,周宇杰,365,被忽略的姓名,李江鸥
260,蔡淇,57,狗和猫的时间,Raptor
212,郭虹旭,57,狗和猫的时间,Pluto
3403,王厚义,366,金风玉露,金笙
3404,许嘉林,366,金风玉露,金笙
3085,李晨源,366,金风玉露,金笙
3405,林子兴,366,金风玉露,毓滔
3406,胡优,366,金风玉露,毓滔
3107,周洁旭,366,金风玉露,玉君
3407,聂冰雁,366,金风玉露,玉君
2950,黄思惟,366,金风玉露,毛腿
3408,徐梓桓,366,金风玉露,毛腿
3409,王子葳,366,金风玉露,六哥
3302,张泽浩,366,金风玉露,六哥
2896,白子涵,366,金风玉露,来喜福
3410,杨晓宇,366,金风玉露,来喜福
3411,马黑凯杰,366,金风玉露,警长
3053,李金阳,366,金风玉露,金喜
3412,王文轩,366,金风玉露,金福
3413,王一安,366,金风玉露,辫子军/鬼卒
3414,王煜菡,366,金风玉露,辫子军/鬼卒
3416,王者风,366,金风玉露,辫子军/鬼卒
3415,何子康,366,金风玉露,辫子军/鬼卒
3417,雷云枫,366,金风玉露,辫子军/鬼卒
1210,赵凡嘉,133,周生如故,周生辰
261,郭嘉轩,133,周生如故,刘子行
2464,王凯,364,战争与和平,安德烈
31,何亮辰,364,战争与和平,安德烈
3418,胡俊铭,364,战争与和平,皮埃尔
16,金圣权,364,战争与和平,皮埃尔
3419,马嘉祺,364,战争与和平,皮埃尔
1209,李泽美,364,战争与和平,娜塔莎
620,米晨晨,364,战争与和平,娜塔莎
97,蔡忻如,364,战争与和平,海伦
293,孙豆尔,364,战争与和平,阿纳托利
469,贾凡,364,战争与和平,阿纳托利
3295,应忆俊,364,战争与和平,尼古拉
1707,索朗顿珠,364,战争与和平,尼古拉
3420,王千予,364,战争与和平,安娜
1711,苏晔,364,战争与和平,安娜
2829,韩志贤,364,战争与和平,瓦西里
2050,牟溢,364,战争与和平,瓦西里
1540,李金哲,364,战争与和平,多洛霍夫
3421,马迎春,364,战争与和平,罗斯托夫
3422,牛飘,364,战争与和平,博尔康斯基公爵
3423,张学文,364,战争与和平,拿破仑
3424,刘筱雯,364,战争与和平,玛利亚
3425,周嫚田,367,奇妙咖啡屋,幽灵
3426,阮芳昕,367,奇妙咖啡屋,大双
3427,阮芳婕,367,奇妙咖啡屋,小双
3428,林赵安瑾,367,奇妙咖啡屋,安琪
3429,吴嘉妮,367,奇妙咖啡屋,阿妮
3430,李秉育,367,奇妙咖啡屋,阿政
7,张云柯,367,奇妙咖啡屋,彩票迷
3431,陈颖欣,367,奇妙咖啡屋,妹妹
1804,彭为,367,奇妙咖啡屋,刘小敏
8,蔡缤,367,奇妙咖啡屋,张庆生
1769,王款儿,203,求婚女王,杜胜男
974,杜皓云,182,隐婚男女,崔民国
3386,唐晨怡,177,嘿！亚利桑那,简
2181,王博睿,10,FLAMES火焰,埃里克
3264,拜荣基,14,小说,怀特·希斯曼
1344,陈楷,256,时光代理人,程小时
2446,姜义哲,256,时光代理人,程小时
1236,王智威,256,时光代理人,陆光
860,李玉言,256,时光代理人,陆光
1189,马海生,55,道林格雷的画像,亨利·沃登
1171,王竞琦,358,她对此感到厌烦,罗纳德
510,蒋依敏,358,她对此感到厌烦,国王
2446,姜义哲,281,双面奇才,奇才
3432,Melo墨龙,281,双面奇才,Tiger
3433,张雅卓,368,杜十娘,杜十娘
993,刘朱烨,368,杜十娘,李甲
3434,徐骏飞,368,杜十娘,孙富
2698,牟潇钰,368,杜十娘,杜妈妈
3435,张一铭,368,杜十娘,柳遇春
3436,王方一朵,368,杜十娘,月朗
3048,王晨旭,368,杜十娘,佰虎
3437,王晶莹,368,杜十娘,青萍
3438,张思宇,368,杜十娘,陈香
238,赵钱龙,83,危险游戏,内森
682,邵立君,83,危险游戏,内森
1304,白倬铭,83,危险游戏,内森
232,吴志军,83,危险游戏,理查德
674,王敏辉,83,危险游戏,理查德
2906,张皓星,70,阿尔托，梵高,梵高
3071,张梁,70,阿尔托，梵高,博士
3231,蔡松廷,70,阿尔托，梵高,博士
1903,冒海飞,369,长安十二时辰,张小敬
269,徐昊,369,长安十二时辰,张小敬
480,于晓璘,369,长安十二时辰,李泌
256,张泽,369,长安十二时辰,李泌
267,胡迪,369,长安十二时辰,龙波
345,祝颂皓,369,长安十二时辰,龙波
281,蒋倩如,369,长安十二时辰,闻染
171,明家歆,369,长安十二时辰,闻染
287,陈玉婷,369,长安十二时辰,檀棋
3191,钟楚依,369,长安十二时辰,檀棋
284,陈旭,369,长安十二时辰,檀棋
3439,洛朗·班,369,长安十二时辰,葛老
3440,段淑曦,324,命运之上,拉斐尔
3441,吴娟,370,她&她,唐少君
3442,舒琪,370,她&她,唐少君
3443,魏瑜遥,370,她&她,明月公主
3444,朱维芳,370,她&她,明月公主
3445,楼若菡,370,她&她,明月公主
3446,李威,370,她&她,唐少英/石磊
3447,盛遨,370,她&她,唐少英/石磊
3448,李楼,370,她&她,皇帝/唐老爷
1399,张铎,182,隐婚男女,崔民国
268,吴俊鹏,182,隐婚男女,Tony
3449,姚嘉艺,371,东门！东门,阿君
3077,杨子言,371,东门！东门,程晓峰
647,黄鹏,371,东门！东门,陈阿水
3183,谭薇,371,东门！东门,蔡蔡
3075,苏锡凡,371,东门！东门,程大鹏
147,周国帅,371,东门！东门,多功能
3450,海力力,354,一仆二主,弗罗林多
3451,刘珂馨,354,一仆二主,彼阿特利切
3452,廖乐夫,354,一仆二主,西里维厄
3453,徐宏儒,354,一仆二主,西里维厄
3207,翟李朔天,22,人间失格,堀木正雄
256,张泽,373,宝玉,贾宝玉
257,高杨,373,宝玉,贾宝玉
716,张会芳,373,宝玉,林黛玉/有缘人
511,陈恬,373,宝玉,林黛玉/有缘人
473,郭耀嵘,373,宝玉,薛宝钗/有缘人
21,林润欣,373,宝玉,薛宝钗/有缘人
218,刘浩冉,373,宝玉,王熙凤/有缘人
274,张沁丹,373,宝玉,王熙凤/有缘人
26,胡芳洲,373,宝玉,贾政/有缘人
23,赵禹钧,373,宝玉,贾政/有缘人
2421,徐磊,373,宝玉,贾母/有缘人
1012,李佳音,373,宝玉,贾母/有缘人
1018,李子涵,133,周生如故,先帝亡灵
3454,强雯,133,周生如故,大师姐
175,桑可舟,369,长安十二时辰,说书人
242,丁伟,369,长安十二时辰,贺知章/右相
303,刘钊,369,长安十二时辰,太子
314,毛寅东,369,长安十二时辰,崔器
297,何铭海,369,长安十二时辰,曹破延
3455,张长城,369,长安十二时辰,闻无忌
228,周钰斐,358,她对此感到厌烦,罗纳德
3456,王多多,171,醉后赢家,金小美
261,郭嘉轩,374,尘封十三载,张山山/吴嘉
674,王敏辉,374,尘封十三载,张山山/吴嘉
269,徐昊,374,尘封十三载,张山山/吴嘉
1210,赵凡嘉,374,尘封十三载,张山山/吴嘉
471,钟舜傲,374,尘封十三载,陆行知
259,毛二,374,尘封十三载,陆行知
468,赵伟钢,374,尘封十三载,陆行知
1304,白倬铭,374,尘封十三载,陆行知
143,严小北,374,尘封十三载,陆安宁
322,毛珏懿,374,尘封十三载,陆安宁
579,洪果,374,尘封十三载,陆安宁
3457,黎玥杉,374,尘封十三载,陆安宁
1399,张铎,374,尘封十三载,霍强/赵正明/张司城
987,张艺,374,尘封十三载,霍强/赵正明/张司城
3458,孙千竣,374,尘封十三载,霍强/赵正明/张司城
219,李梓溪,374,尘封十三载,杨漫/法医/杜梅
233,杨济连,374,尘封十三载,杨漫/法医/杜梅
2767,马凯漪,374,尘封十三载,杨漫/法医/杜梅
3459,廖如星辰,374,尘封十三载,杨漫/法医/杜梅
258,郑艺彬,68,女神在看,闪电
758,邵奕磊,68,女神在看,闪电
847,朱亮,68,女神在看,石头
681,李政绪,68,女神在看,石头
345,祝颂皓,68,女神在看,蝎子
270,王瀚宇,68,女神在看,蝎子
961,林大钦,68,女神在看,勺子
213,傅祥安,68,女神在看,野狼
287,陈玉婷,68,女神在看,女神
1159,强东玥,182,隐婚男女,张静宜
262,舒杨,182,隐婚男女,崔民国
826,李存贤,54,辛吉路的画材店,辛吉
1032,王浩楠,54,辛吉路的画材店,辛吉
3071,张梁,54,辛吉路的画材店,辛吉
2169,卢翰林,54,辛吉路的画材店,卡路
3132,杨浩然,54,辛吉路的画材店,辛吉
3460,蒋敦豪,375,寻找李二狗,常卫国
257,高杨,375,寻找李二狗,常卫国
16,金圣权,375,寻找李二狗,李二狗
622,奇煜,375,寻找李二狗,李二狗
3461,张翰,375,寻找李二狗,李二狗
1538,党韫葳,375,寻找李二狗,秀儿
1262,毋子玥,375,寻找李二狗,秀儿
2438,张傲生,375,寻找李二狗,常志胜
2896,白子涵,375,寻找李二狗,常志胜
2440,华英杰,375,寻找李二狗,班长
1541,武阳坤,375,寻找李二狗,班长
3405,林子兴,375,寻找李二狗,刘伢子
623,李昊阳,375,寻找李二狗,刘伢子
3462,王泽霖,375,寻找李二狗,大个
3054,皮云赫,375,寻找李二狗,大个
3463,于金石,375,寻找李二狗,快板
3464,杨雨逍,375,寻找李二狗,快板
2705,张天玮,375,寻找李二狗,四川
3465,李纪柯,375,寻找李二狗,四川
3303,邹宇昂,375,寻找李二狗,尕娃
3053,李金阳,375,寻找李二狗,尕娃
3109,邹博伟,375,寻找李二狗,铁牛
2897,李君傲,375,寻找李二狗,铁牛
3466,肖金声,375,寻找李二狗,爷爷
3467,韩涵,375,寻找李二狗,爷爷
25,徐泽辉,83,危险游戏,理查德
278,于佳鑫,64,理想之城,苏筱
760,刘思杰,64,理想之城,夏明
42,吴勃臻,64,理想之城,赵显坤
3468,赵小乙,64,理想之城,黄礼林
1410,高品,70,阿尔托，梵高,阿尔托
577,汤佳明,369,长安十二时辰,李泌
297,何铭海,109,梵高,梵高
1626,许昌泰,109,梵高,梵高
2446,姜义哲,109,梵高,梵高
1410,高品,109,梵高,梵高
300,田野,109,梵高,提奥
264,相征,109,梵高,提奥
577,汤佳明,109,梵高,提奥
476,李磊,77,#0528,Eggy
2170,叶宇锋,77,#0528,Eggy
959,董豫辰,77,#0528,Brandon
968,王逸飞,77,#0528,Brandon
844,王天择,77,#0528,Brandon
960,尹智博,77,#0528,Brandon
105,刘一谷,77,#0528,Doris
1780,朱羿达,77,#0528,Doris
3352,王珊珊,299,花开河西巷,姚站长
3168,王天一,299,花开河西巷,陈晓江
3170,陆涵艺,299,花开河西巷,上官夭夭
3353,唐羽,299,花开河西巷,启明
3354,王婉佳,299,花开河西巷,徐美凤
3356,杨佑晟,299,花开河西巷,刘文强
3470,陈玥融,40,翻国王棋,戈布
2007,汤邵文,182,隐婚男女,崔民国
3471,徐嘉乔,91,赵氏孤儿,魏绛
1582,张光磊,91,赵氏孤儿,赵盾
992,陈梓煊,350,第十四个子夜,漫画家
964,宋凯文,350,第十四个子夜,漫画家
3472,苏姿语,350,第十四个子夜,花花
1166,叶思琳,350,第十四个子夜,花花
978,杜舟,350,第十四个子夜,冯辛
2952,王凌毅,33,致爱,付平安
772,陈棋尔,33,致爱,艾丽莎
1697,刘子赫,33,致爱,付平安
2110,欧阳乔子,33,致爱,艾丽莎
222,徐奕然,337,锦衣卫之刀与花,风树
2011,梁朋杰,38,青春禁忌游戏,维佳
220,张梦嫣,16,宇宙大明星,NoVA
1694,刘放,190,速记员,闫洪杰
2101,郑玥,190,速记员,沈安娜
3473,岳田,190,速记员,江小姐
104,黄天宇,190,速记员,陈记者
3474,尤宪超,344,东楼,周天和
477,李苏霖,369,长安十二时辰,李泌
305,钱蒙楠,369,长安十二时辰,崔器
300,田野,369,长安十二时辰,曹破延
292,倪晔,369,长安十二时辰,贺知章/右相
478,夏阳,369,长安十二时辰,太子
3295,应忆俊,242,南孔,真金
1161,王樵知,242,南孔,孔柳
3348,丁梓奕,40,翻国王棋,奥尔森
1697,刘子赫,40,翻国王棋,奥尔森
3242,刘凡滔,40,翻国王棋,奥尔森
605,李信,40,翻国王棋,克雷加德
607,张腾,40,翻国王棋,克雷加德
3475,吴嘉怡,40,翻国王棋,戈布
3174,叶锐,40,翻国王棋,戈布
985,梁宵默,40,翻国王棋,弗雷
981,张鑫澳,40,翻国王棋,弗雷
2783,张飞扬,40,翻国王棋,弗雷
3247,黄玟宇,40,翻国王棋,伊敦
3476,林凡靖,40,翻国王棋,伊敦
2639,陈壬权,40,翻国王棋,玛尼
3477,言佳航,40,翻国王棋,玛尼
1898,张弋,40,翻国王棋,玛尼
2228,田恬,33,致爱,艾丽莎
1327,何若水,337,锦衣卫之刀与花,歌队
3478,王禹皓,375,寻找李二狗,快板
3479,林林,377,关肃霜,关肃霜
3480,徐子惠,377,关肃霜,楚楚
1344,陈楷,373,宝玉,有缘人/薛蟠
214,舒荣波,373,宝玉,有缘人/蒋玉菡
3119,沈哲祺,373,宝玉,有缘人/茗烟
1126,陈姝月,373,宝玉,有缘人/晴雯
3188,俞佳一,373,宝玉,有缘人/袭人
2405,耿凡茜,373,宝玉,有缘人/金钏儿
3438,张思宇,373,宝玉,有缘人/丫鬟
826,李存贤,373,宝玉,有缘人/薛蟠
2168,沈育奇,373,宝玉,有缘人/蒋玉菡
3440,段淑曦,373,宝玉,有缘人/袭人
2364,范可妮,373,宝玉,有缘人/丫鬟
3481,岳云川,66,愚公移山,智叟
3482,孟祥权,66,愚公移山,操蛇之神
2208,王一哲,375,寻找李二狗,李二狗
3483,张哲,47,画皮,黑狐
3174,叶锐,54,辛吉路的画材店,卡路
863,唐浩瑜,54,辛吉路的画材店,塞修
3435,张一铭,54,辛吉路的画材店,塞修
3484,文亮棋,54,辛吉路的画材店,辛吉
21,林润欣,47,画皮,白狐
3485,刘万林,242,南孔,忽必烈
3486,郑曹坤,242,南孔,达鲁花赤
3487,王东博,242,南孔,太傅/老者
3488,谢鑫,242,南孔,饼伯
1304,白倬铭,378,流星之绊,李功一
1081,滕春鹏,378,流星之绊,李功一
27,殷浩伦,378,流星之绊,李功一
1306,张博俊,378,流星之绊,李功一
205,张智涵,378,流星之绊,李功一
1236,王智威,378,流星之绊,高景行
25,徐泽辉,378,流星之绊,高景行
317,朱涵彬,378,流星之绊,高景行
474,马小乔,358,她对此感到厌烦,辛西娅
1318,徐郑凯伊,358,她对此感到厌烦,多琳
3187,夏云梦,358,她对此感到厌烦,罗纳德
229,恩妤,358,她对此感到厌烦,罗纳德
3489,杨优优,388,鼓浪之声,李佳音
626,王明怡,358,她对此感到厌烦,国王
3166,韩冰儿,379,连璧,李玉屏
2933,庞雪倩,379,连璧,李玉屏
499,孙乐仟,379,连璧,李玉屏
2020,王珏语涵,379,连璧,李玉屏
684,吴杭律,379,连璧,李玉屏
3382,杨依泠,379,连璧,李玉屏
274,张沁丹,379,连璧,李玉屏
1538,党韫葳,379,连璧,谢宛宁
1020,杜钇樵,379,连璧,谢宛宁
2365,许诗翊,379,连璧,谢宛宁
1172,胥子含,379,连璧,谢宛宁
280,赵雨卉,379,连璧,谢宛宁
903,左一平,379,连璧,谢宛宁
1626,许昌泰,380,幽灵,Teddy
2169,卢翰林,380,幽灵,Teddy
575,徐佳文,380,幽灵,Teddy
2006,陈诗,380,幽灵,Teddy
3158,蓝浩,380,幽灵,Teddy
3159,吴盛祥,380,幽灵,Teddy
192,王书琦,380,幽灵,Teddy
577,汤佳明,380,幽灵,Alex
682,邵立君,380,幽灵,Alex
264,相征,380,幽灵,Alex
1777,孙一城,380,幽灵,Alex
977,赵奕然,380,幽灵,Alex
976,薛钦元,380,幽灵,Alex
993,刘朱烨,380,幽灵,Alex
299,顾易,380,幽灵,David
305,钱蒙楠,380,幽灵,David
844,王天择,380,幽灵,David
2905,亓振源,380,幽灵,David
1779,庞东轩,380,幽灵,David
3490,于世源,380,幽灵,David
828,张智伟,380,幽灵,David
824,赵洪博,380,幽灵,Teddy
3491,沈俊池,373,宝玉,有缘人/晴雯
1863,徐蜜聪,373,宝玉,有缘人/金钏儿
2648,巴文豪,16,宇宙大明星,O126
681,李政绪,16,宇宙大明星,O126
965,元佳辰,16,宇宙大明星,O126
270,王瀚宇,381,莫迪里阿尼 & 埃贡·席勒,莫迪里阿尼/艺术家
300,田野,381,莫迪里阿尼 & 埃贡·席勒,莫迪里阿尼/艺术家
467,钟嘉诚,381,莫迪里阿尼 & 埃贡·席勒,莫迪里阿尼/艺术家
1626,许昌泰,381,莫迪里阿尼 & 埃贡·席勒,莫迪里阿尼/艺术家
677,廖婧媛,381,莫迪里阿尼 & 埃贡·席勒,珍妮/瓦利
284,陈旭,381,莫迪里阿尼 & 埃贡·席勒,珍妮/瓦利
318,潘珏辰,381,莫迪里阿尼 & 埃贡·席勒,珍妮/瓦利
1667,郑涵一,381,莫迪里阿尼 & 埃贡·席勒,珍妮/瓦利
896,余镇鳌,381,莫迪里阿尼 & 埃贡·席勒,画商/埃贡·席勒
264,相征,381,莫迪里阿尼 & 埃贡·席勒,画商/埃贡·席勒
478,夏阳,381,莫迪里阿尼 & 埃贡·席勒,画商/埃贡·席勒
577,汤佳明,381,莫迪里阿尼 & 埃贡·席勒,画商/埃贡·席勒
682,邵立君,381,莫迪里阿尼 & 埃贡·席勒,画商/埃贡·席勒
3492,张新成,317,大江东去,苏轼
3493,戎若荻,324,命运之上,拉斐尔
3393,李伯尧,324,命运之上,路西法
26,胡芳洲,20,无法访问,姜大海
1257,代玮,20,无法访问,窦豆
2181,王博睿,350,第十四个子夜,漫画家
2364,范可妮,350,第十四个子夜,花花
3494,刘宇江,350,第十四个子夜,冯辛
1848,高艺菲,350,第十四个子夜,冯辛
3296,安吉儿,378,流星之绊,小静
3185,程晨,378,流星之绊,小静
684,吴杭律,378,流星之绊,小静
1318,徐郑凯伊,378,流星之绊,小静
289,周文嘉,378,流星之绊,小静
3234,郭之阳,378,流星之绊,李泰辅
3232,栾靖宇,378,流星之绊,李泰辅
3132,杨浩然,378,流星之绊,李泰辅
2784,袁泽智,378,流星之绊,李泰辅
666,诸葛北辰,378,流星之绊,李泰辅
784,李泽晨,378,流星之绊,原康孝
2871,田祥晔,378,流星之绊,原康孝
301,张旭辰,378,流星之绊,原康孝
3495,朱冠霖,378,流星之绊,原康孝
761,高尔金宝音,378,流星之绊,高正
3074,潘华杰,378,流星之绊,高正
1700,尚一航,378,流星之绊,高正
3496,叶新,398,一人之下,冯宝宝
3267,叶筱玮,378,流星之绊,高景行
3497,夏一轩,366,金风玉露,辫子军/鬼卒
3393,李伯尧,51,狄俄尼索斯,安普罗斯
3184,蔡鹏飞,60,觉醒年代,辜鸿铭
2527,侯俊羽,70,阿尔托，梵高,博士
3498,陈伟,70,阿尔托，梵高,梵高
3177,琚茂林,383,时光花舍,穆阳
2697,张赛怡,383,时光花舍,胡玉兰/奶奶
3499,李博瞳,383,时光花舍,方菡
3500,程圣喆,383,时光花舍,穆晓蕊
288,王洁璐,316,末日迷途,贝拉
474,马小乔,316,末日迷途,阿曼达
2906,张皓星,316,末日迷途,海曼
977,赵奕然,316,末日迷途,威廉
472,冯远,316,末日迷途,贝拉
1667,郑涵一,316,末日迷途,阿曼达
95,夏振凯,136,扬名立万,齐乐山
1081,滕春鹏,17,灯塔,怀恩
216,李秋盟,17,灯塔,守塔人
3501,魏忠杰,17,灯塔,怀恩
771,赵嘉艳,99,德米安,辛克莱
274,张沁丹,99,德米安,德米安
712,高雨晨,119,TRACE U,启夏
471,钟舜傲,119,TRACE U,庭宇
956,李珏,136,扬名立万,李家辉
3502,霍尊,136,扬名立万,李家辉
345,祝颂皓,136,扬名立万,齐乐山
1539,卞佳平,136,扬名立万,陆子野
268,吴俊鹏,136,扬名立万,陆子野
3503,王祖蓝,136,扬名立万,郑千里
2896,白子涵,136,扬名立万,陈小达
963,刘瀚聪,136,扬名立万,关静年
3208,邓茹月,204,嫌疑人X的献身,内海薰
1846,武冠辰,11,阿波罗尼亚,Richard
2648,巴文豪,11,阿波罗尼亚,Stevie
3071,张梁,11,阿波罗尼亚,Richard
2165,王炳,11,阿波罗尼亚,Richard
3366,何严浩,11,阿波罗尼亚,Oscar
752,朱家鹏,11,阿波罗尼亚,Oscar
3508,刘凯峰,33,致爱,付平安
1029,潘蕾蕾,302,孤独城堡,娜拉
624,徐天戈,302,孤独城堡,世美
3509,张子扬,302,孤独城堡,乔治
1667,郑涵一,53,蝶变,沈文君
3166,韩冰儿,53,蝶变,齐志平
2282,樊哲,40,翻国王棋,奥尔森
3510,刘守正,357,大状王,方唐镜
3511,梁仲恒,357,大状王,方唐镜
2869,郑君炽,357,大状王,阿细
3512,袁浩杨,357,大状王,阿细
3513,丁彤欣,357,大状王,杨秀秀
3514,陈书昕,357,大状王,杨秀秀
3515,张焱,357,大状王,说书人
3516,邢灏,357,大状王,说书人
1032,王浩楠,387,珍珑,Lucas
105,刘一谷,387,珍珑,Lucas
3159,吴盛祥,387,珍珑,Lucas
2138,浦弘斐,387,珍珑,Lucas
288,王洁璐,387,珍珑,Abby
1084,王玙璠,387,珍珑,Abby
1020,杜钇樵,387,珍珑,Abby
1667,郑涵一,387,珍珑,Abby
2097,陈檀雅,387,珍珑,Abby
479,曹珺,387,珍珑,Daniel
3158,蓝浩,387,珍珑,Daniel
305,钱蒙楠,387,珍珑,Daniel
895,万钰彬,387,珍珑,Daniel
1625,周宇杰,387,珍珑,Lucas
683,邓贤凌,387,珍珑,Abby
3501,魏忠杰,91,赵氏孤儿,程勃
1394,马佳,388,鼓浪之声,吴起铭
35,赵超凡,388,鼓浪之声,吴起铭
177,孙葛川野,388,鼓浪之声,仲禹
1542,乐巍,388,鼓浪之声,仲禹
102,赵穆宸,388,鼓浪之声,姜宁
993,刘朱烨,388,鼓浪之声,姜宁
1665,徐丽东,388,鼓浪之声,李佳音
1813,王骏迪,388,鼓浪之声,李佳音
171,明家歆,388,鼓浪之声,王淑贤
3517,张洁琼,388,鼓浪之声,王淑贤
3518,马列,388,鼓浪之声,李复安
3519,侯朱昱,388,鼓浪之声,李复安
16,金圣权,385,夜幕下的哈尔滨,王一民
31,何亮辰,385,夜幕下的哈尔滨,王一民
36,马添龙,385,夜幕下的哈尔滨,王一民
30,刘令飞,385,夜幕下的哈尔滨,玉旨一郎
1404,高天鹤,385,夜幕下的哈尔滨,玉旨一郎
102,赵穆宸,385,夜幕下的哈尔滨,玉旨一郎
716,张会芳,385,夜幕下的哈尔滨,卢淑娟
1209,李泽美,385,夜幕下的哈尔滨,卢淑娟
171,明家歆,385,夜幕下的哈尔滨,卢淑娟
97,蔡忻如,385,夜幕下的哈尔滨,柳絮影
278,于佳鑫,385,夜幕下的哈尔滨,柳絮影
1710,刘宇希,385,夜幕下的哈尔滨,柳絮影
2094,赵晏伯,385,夜幕下的哈尔滨,塞上萧
3075,苏锡凡,385,夜幕下的哈尔滨,塞上萧
242,丁伟,385,夜幕下的哈尔滨,卢运启
2050,牟溢,385,夜幕下的哈尔滨,卢运启
3323,刘畅,385,夜幕下的哈尔滨,玉旨雄一
623,李昊阳,385,夜幕下的哈尔滨,罗世诚
1410,高品,385,夜幕下的哈尔滨,罗世诚
3226,陈弈鸣,385,夜幕下的哈尔滨,肖光义
3520,曹闻放,385,夜幕下的哈尔滨,肖光义
2829,韩志贤,385,夜幕下的哈尔滨,葛明礼
1706,席同歌,385,夜幕下的哈尔滨,秦德林
3289,张耀之,385,夜幕下的哈尔滨,秦德林
683,邓贤凌,389,海雾,PB
3166,韩冰儿,389,海雾,PB
285,刘乙萱,389,海雾,PB
219,李梓溪,389,海雾,PB
684,吴杭律,389,海雾,PB
143,严小北,389,海雾,PB
1538,党韫葳,389,海雾,Jo
473,郭耀嵘,389,海雾,Jo
288,王洁璐,389,海雾,Jo
1172,胥子含,389,海雾,Jo
280,赵雨卉,389,海雾,Jo
899,张烜尔,389,海雾,Jo
715,周惠怡,389,海雾,Jo
3521,陈昭如,386,古蜀·三星堆,朱雀
2633,陈雨秋,386,古蜀·三星堆,萦芑
2861,冯子玥,386,古蜀·三星堆,萦芑
2482,李科,386,古蜀·三星堆,白泽
2634,秦立夫,386,古蜀·三星堆,柏灌
3522,管沙沙,386,古蜀·三星堆,蚕丛
3523,李思颖,386,古蜀·三星堆,蚕丛
2860,沈珂,386,古蜀·三星堆,桀王
2629,郭颂兰,386,古蜀·三星堆,鹦
2867,王胜强,386,古蜀·三星堆,鹉
3524,余家良,386,古蜀·三星堆,无名
3525,赵炎泽,386,古蜀·三星堆,古蜀祭司
3526,李银,384,花木兰,花木兰
3527,刘沐,384,花木兰,花木兰
3528,历刃,384,花木兰,贺将军
3529,尹良北,384,花木兰,包人九
3530,何宜霖,384,花木兰,花父
1509,杜豪洪,384,花木兰,花父
3531,王菁蕾,384,花木兰,花母
3532,谭依婷,390,玫瑰泛音,芒
3533,冉靳攀,390,玫瑰泛音,海迪
3534,付巴图,390,玫瑰泛音,过去人
3535,刘海旋,390,玫瑰泛音,过去人
320,叶嘉雯,67,嗜血博士,爱德华
2905,亓振源,67,嗜血博士,乔纳森
977,赵奕然,67,嗜血博士,乔纳森
1863,徐蜜聪,67,嗜血博士,玛莎
3536,柴韵,67,嗜血博士,玛莎
1508,王靖棋,375,寻找李二狗,常志胜
3537,赵思思,390,玫瑰泛音,芒
3538,何泉,390,玫瑰泛音,海迪
2537,张家祺,11,阿波罗尼亚,Stevie
764,崔恩尔,393,六个说谎的大学生,岛衣织
287,陈玉婷,393,六个说谎的大学生,岛衣织
230,黄可,393,六个说谎的大学生,岛衣织
260,蔡淇,393,六个说谎的大学生,波多野祥吾
259,毛二,393,六个说谎的大学生,波多野祥吾
847,朱亮,393,六个说谎的大学生,波多野祥吾
956,李珏,393,六个说谎的大学生,九贺苍太
269,徐昊,393,六个说谎的大学生,九贺苍太
467,钟嘉诚,393,六个说谎的大学生,九贺苍太
758,邵奕磊,393,六个说谎的大学生,袴田亮
232,吴志军,393,六个说谎的大学生,袴田亮
429,于滨嘉,393,六个说谎的大学生,袴田亮
290,钱安琪,393,六个说谎的大学生,矢代翼
320,叶嘉雯,393,六个说谎的大学生,矢代翼
899,张烜尔,393,六个说谎的大学生,矢代翼
1667,郑涵一,393,六个说谎的大学生,矢代翼
963,刘瀚聪,393,六个说谎的大学生,森久保公彦
476,李磊,393,六个说谎的大学生,森久保公彦
857,脱骁尧,393,六个说谎的大学生,森久保公彦
318,潘珏辰,393,六个说谎的大学生,波多野芳惠
688,许嘉芸,393,六个说谎的大学生,波多野芳惠
962,车鸣笛,393,六个说谎的大学生,鸿上达章
959,董豫辰,393,六个说谎的大学生,鸿上达章
3201,黄圣淇,393,六个说谎的大学生,鸿上达章
1307,刘岩,392,“Savior”,范·米格伦
270,王瀚宇,392,“Savior”,范·米格伦
675,遇泓羊,392,“Savior”,范·米格伦
258,郑艺彬,392,“Savior”,范·米格伦
1304,白倬铭,392,“Savior”,拉乔·皮勒
284,陈旭,398,一人之下,风莎燕
968,王逸飞,392,“Savior”,拉乔·皮勒
3267,叶筱玮,392,“Savior”,拉乔·皮勒
333,刘阳,392,“Savior”,马丁·布雷德乌斯
292,倪晔,392,“Savior”,马丁·布雷德乌斯
348,翟松,392,“Savior”,马丁·布雷德乌斯
345,祝颂皓,392,“Savior”,马丁·布雷德乌斯
3179,邱俊阳,322,星图,叶思源
579,洪果,322,星图,戴望星
261,郭嘉轩,391,让世界看见,黄新泽
266,施哲明,391,让世界看见,黄谦富
218,刘浩冉,391,让世界看见,何初洋
3263,胡楚浩,391,让世界看见,程帆
43,陈沁,391,让世界看见,高淑平
3539,王海洋,391,让世界看见,三叔公
3471,徐嘉乔,391,让世界看见,刘广荣
1086,褚俊驰,391,让世界看见,李志豪
2729,黄磊,391,让世界看见,梁家强
3302,张泽浩,375,寻找李二狗,铁牛
174,周默涵,7,白夜行,园村友彦
3490,于世源,259,当你心动时,叶白
3185,程晨,259,当你心动时,露露
3540,李怡萱,259,当你心动时,露露
3179,邱俊阳,253,纳尔齐斯与歌尔德蒙,纳尔齐斯
1410,高品,253,纳尔齐斯与歌尔德蒙,歌尔德蒙
2169,卢翰林,253,纳尔齐斯与歌尔德蒙,歌尔德蒙
281,蒋倩如,394,印刻IN CLAY,卡司
509,徐梦,394,印刻IN CLAY,卡司
1172,胥子含,394,印刻IN CLAY,卡司
3541,徐宇诸,171,醉后赢家,李丁一
3542,姜宇浩,171,醉后赢家,李丁一
3260,佘鹏飞,171,醉后赢家,李丁一
3543,胡泽宇,171,醉后赢家,杨鼎天
3544,刘星宇,171,醉后赢家,杨鼎天
3545,刘汶炎,171,醉后赢家,杨鼎天
3546,张筱彤,171,醉后赢家,信佳佳
3547,杨雨欣,171,醉后赢家,信佳佳
3548,梁豫,171,醉后赢家,信佳佳
3549,郝英杰,171,醉后赢家,周大福
3551,魏子杰,171,醉后赢家,周大福
3552,闫雨晨,171,醉后赢家,杜海燕
3550,潘温劼,171,醉后赢家,杜海燕
3553,郑颖,171,醉后赢家,杜海燕
3554,林驿珊,171,醉后赢家,金小美
3555,张杨皓宇,171,醉后赢家,金小美
3556,宋翔宇,171,醉后赢家,金小美
3557,高奥,171,醉后赢家,警察
2771,刘治威,171,醉后赢家,警察
776,杜鑫艳,48,最美的一天,许静雅
3185,程晨,48,最美的一天,小顺凡
685,暴晓萱,48,最美的一天,影子
775,丁辰西,48,最美的一天,大顺凡
287,陈玉婷,48,最美的一天,小顺凡
3232,栾靖宇,338,茶无此人,石头
192,王书琦,338,茶无此人,石头
213,傅祥安,338,茶无此人,吴名士
1305,张琛,338,茶无此人,吴名士
1237,张淼龙,338,茶无此人,吴名士
3558,黄轶,338,茶无此人,洪瑛
1769,王款儿,338,茶无此人,洪瑛
3559,郭美冉,338,茶无此人,江鱼儿
3560,宋苞涵,338,茶无此人,江鱼儿
3391,戴玉龙,338,茶无此人,黄九良
2229,江柏成,338,茶无此人,黄九良
3561,孙晨恺,338,茶无此人,范泰
964,宋凯文,338,茶无此人,范泰
961,林大钦,395,雕像,于格
1607,邵玎,395,雕像,于格
751,吴以瀚,395,雕像,于格
575,徐佳文,395,雕像,于格
429,于滨嘉,395,雕像,于格
1918,尤宣程,395,雕像,于格
2170,叶宇锋,395,雕像,于格
294,张琦铭,395,雕像,于格
239,霍泽安,395,雕像,雕像
3158,蓝浩,395,雕像,雕像
2169,卢翰林,395,雕像,雕像
3179,邱俊阳,395,雕像,雕像
2872,王瑞,395,雕像,雕像
223,徐杭,395,雕像,雕像
1441,李思其,396,青·白,小青
1442,雷淇羽,396,青·白,白素贞
3563,黎濮宁,396,青·白,裴止
3564,高泽锴,396,青·白,许仙
3565,商婉冰,396,青·白,秀秀
862,施博威,15,桑塔露琪亚,Sonny Boy
2165,王炳,15,桑塔露琪亚,Sonny Boy
3366,何严浩,15,桑塔露琪亚,Chi Chi
752,朱家鹏,15,桑塔露琪亚,Stevie
608,邓欣锐,15,桑塔露琪亚,Chi Chi
984,李坤嘉,15,桑塔露琪亚,Stevie
570,白一博,397,Roulette轮盘,Poe
2876,褚威,397,Roulette轮盘,Poe
1777,孙一城,397,Roulette轮盘,Poe
2007,汤邵文,397,Roulette轮盘,Poe
1625,周宇杰,397,Roulette轮盘,Poe
284,陈旭,397,Roulette轮盘,Agatha
3247,黄玟宇,397,Roulette轮盘,Agatha
229,恩妤,397,Roulette轮盘,Agatha
1159,强东玥,397,Roulette轮盘,Agatha
894,田梦,397,Roulette轮盘,Agatha
2639,陈壬权,397,Roulette轮盘,Doyle
2926,刘君豪,397,Roulette轮盘,Doyle
3159,吴盛祥,397,Roulette轮盘,Doyle
2451,周一男,397,Roulette轮盘,Doyle
1780,朱羿达,397,Roulette轮盘,Doyle
3566,陈近东,397,Roulette轮盘,Pride
908,陈旭茂,397,Roulette轮盘,Pride
1845,戴家晟,397,Roulette轮盘,Pride
2953,廖哲珣,397,Roulette轮盘,Pride
3567,陈佳艺,397,Roulette轮盘,Lust
3238,陈蕴,397,Roulette轮盘,Lust
3568,汤楷,397,Roulette轮盘,Lust
3393,李伯尧,397,Roulette轮盘,Envy
3569,潘延,397,Roulette轮盘,Envy
3048,王晨旭,397,Roulette轮盘,Envy
503,顾轩畅,397,Roulette轮盘,Greed
3570,林钇欣,397,Roulette轮盘,Greed
3156,刘昱含,397,Roulette轮盘,Greed
3475,吴嘉怡,397,Roulette轮盘,Greed
899,张烜尔,358,她对此感到厌烦,辛西娅
3571,王涓爱,317,大江东去,任采莲
1408,董志勇,317,大江东去,继莲和尚
901,井彦乔,398,一人之下,张楚岚
603,李卓远,398,一人之下,张楚岚
291,刘晓,398,一人之下,冯宝宝
1973,刘彬濠,398,一人之下,王也
316,饶恒宇,398,一人之下,王也
226,崔承宇,398,一人之下,诸葛青
572,施天玮,398,一人之下,诸葛青
312,刘牧,398,一人之下,老天师
3168,王天一,398,一人之下,老天师
2901,胡星瑞,398,一人之下,夏禾
3572,高崇,398,一人之下,风莎燕
233,杨济连,398,一人之下,风莎燕
3072,申昊川,398,一人之下,张灵玉
3242,刘凡滔,17,灯塔,霍普
1779,庞东轩,313,怪物,里奥
977,赵奕然,313,怪物,里奥
993,刘朱烨,313,怪物,韦恩
3394,徐晨曦,51,狄俄尼索斯,狄俄尼索斯
3390,郭晨晨,51,狄俄尼索斯,狄俄尼索斯
3316,孙震林,51,狄俄尼索斯,阿波罗
3509,张子扬,51,狄俄尼索斯,安普罗斯
3573,冯展博,51,狄俄尼索斯,安普罗斯
3574,肖恺翀,387,珍珑,Lucas
715,周惠怡,387,珍珑,Abby
320,叶嘉雯,387,珍珑,Abby
713,赵毅劼,387,珍珑,Daniel
3575,俞烁天,387,珍珑,Daniel
716,张会芳,375,寻找李二狗,秀儿
3239,蒲铖,398,一人之下,王也
3559,郭美冉,358,她对此感到厌烦,莉莉丝
3576,孟爽,358,她对此感到厌烦,辛西娅
3577,饶佳辛,358,她对此感到厌烦,多琳
3578,段舒扬,358,她对此感到厌烦,罗纳德
3579,毕源格,358,她对此感到厌烦,国王
1173,苗梦初,204,嫌疑人X的献身,花冈靖子
1582,张光磊,346,海上钢琴师,船长
294,张琦铭,346,海上钢琴师,船长
3574,肖恺翀,70,阿尔托，梵高,梵高
3580,林墨,393,六个说谎的大学生,波多野祥吾
2809,仇毓翔,51,狄俄尼索斯,普罗辛诺斯/无名的人/阿里阿德涅/警察
3440,段淑曦,51,狄俄尼索斯,狄俄尼索斯
37,李宸希,66,愚公移山,王宁父亲
861,郑文博,398,一人之下,张灵玉
471,钟舜傲,309,狂炎奏鸣曲,K
681,李政绪,309,狂炎奏鸣曲,J
682,邵立君,309,狂炎奏鸣曲,S
1236,王智威,309,狂炎奏鸣曲,S
3581,范宇澄,400,亡灵之旅：冥犬与少年,维塔
3234,郭之阳,400,亡灵之旅：冥犬与少年,维塔
239,霍泽安,400,亡灵之旅：冥犬与少年,维塔
476,李磊,400,亡灵之旅：冥犬与少年,维塔
971,廖城志,400,亡灵之旅：冥犬与少年,维塔
964,宋凯文,400,亡灵之旅：冥犬与少年,维塔
668,王富有,400,亡灵之旅：冥犬与少年,维塔
223,徐杭,400,亡灵之旅：冥犬与少年,维塔
3238,陈蕴,400,亡灵之旅：冥犬与少年,阿努比斯
603,李卓远,400,亡灵之旅：冥犬与少年,阿努比斯
232,吴志军,400,亡灵之旅：冥犬与少年,阿努比斯
896,余镇鳌,400,亡灵之旅：冥犬与少年,阿努比斯
960,尹智博,400,亡灵之旅：冥犬与少年,阿努比斯
977,赵奕然,400,亡灵之旅：冥犬与少年,阿努比斯
854,朱亚洲,400,亡灵之旅：冥犬与少年,阿努比斯
959,董豫辰,400,亡灵之旅：冥犬与少年,荷鲁斯
750,江东旭,400,亡灵之旅：冥犬与少年,荷鲁斯
3384,孙义清,400,亡灵之旅：冥犬与少年,荷鲁斯
2025,袁梦轩,400,亡灵之旅：冥犬与少年,荷鲁斯
824,赵洪博,400,亡灵之旅：冥犬与少年,荷鲁斯
238,赵钱龙,400,亡灵之旅：冥犬与少年,荷鲁斯
3235,臧鲁滨,400,亡灵之旅：冥犬与少年,荷鲁斯
267,胡迪,374,尘封十三载,陆行知
675,遇泓羊,374,尘封十三载,陆行知
864,周靖杰,313,怪物,里奥
2571,张力升,313,怪物,里奥
3582,王克遥,313,怪物,里奥
782,姜呈洋,313,怪物,里奥
858,曾鑫,313,怪物,里奥
2898,邵斌,313,怪物,韦恩
1082,王桓,313,怪物,韦恩
3583,张智成,313,怪物,韦恩
3509,张子扬,313,怪物,韦恩
3266,周崇祥,313,怪物,韦恩
3355,黄子俊,313,怪物,韦恩
3584,陈博石,313,怪物,韦恩
261,郭嘉轩,401,The Last Man 幸存者,幸存者
20,余思冉,401,The Last Man 幸存者,幸存者
896,余镇鳌,401,The Last Man 幸存者,幸存者
1306,张博俊,401,The Last Man 幸存者,幸存者
775,丁辰西,401,The Last Man 幸存者,幸存者
496,丁辉,402,风雪山神庙,林冲
608,邓欣锐,402,风雪山神庙,林冲
218,刘浩冉,402,风雪山神庙,贞娘
1629,贺梦洁,402,风雪山神庙,贞娘
3585,王化诚,402,风雪山神庙,鲁智深
844,王天择,402,风雪山神庙,鲁智深
751,吴以瀚,402,风雪山神庙,陆谦
3159,吴盛祥,402,风雪山神庙,陆谦
262,舒杨,402,风雪山神庙,高衙内
827,邓泽镐,402,风雪山神庙,高衙内
1620,钱海睿,402,风雪山神庙,富安
3586,贾晨熙,402,风雪山神庙,富安
899,张烜尔,402,风雪山神庙,判官/小鬼
3587,陈思宇,402,风雪山神庙,判官/小鬼
2097,陈檀雅,402,风雪山神庙,判官/小鬼
320,叶嘉雯,402,风雪山神庙,判官/小鬼
3285,陈政宇,67,嗜血博士,爱德华
2181,王博睿,67,嗜血博士,爱德华
1396,陈志鹏,67,嗜血博士,爱德华
983,曾阵,67,嗜血博士,爱德华
2871,田祥晔,67,嗜血博士,爱德华
854,朱亚洲,67,嗜血博士,爱德华
2876,褚威,67,嗜血博士,乔纳森
2219,谭建业,67,嗜血博士,乔纳森
1082,王桓,67,嗜血博士,乔纳森
2397,洪培文,67,嗜血博士,乔纳森
1167,黄雨蝶,67,嗜血博士,玛莎
3588,朱希紫,67,嗜血博士,玛莎
2810,秦宇星,67,嗜血博士,玛莎
3370,吴冠锋,317,大江东去,徐知州
3589,于浩,317,大江东去,继莲和尚
761,高尔金宝音,15,桑塔露琪亚,Stevie
899,张烜尔,67,嗜血博士,乔纳森
298,刘官卫,392,“Savior”,拉乔·皮勒
2950,黄思惟,403,王冠,尤安
3177,琚茂林,403,王冠,尤安
572,施天玮,403,王冠,尤安
895,万钰彬,403,王冠,尤安
3237,章庭链,403,王冠,尤安
304,徐步超,403,王冠,莫德雷/奥德修斯
976,薛钦元,403,王冠,莫德雷/奥德修斯
301,张旭辰,403,王冠,莫德雷/奥德修斯
1625,周宇杰,403,王冠,莫德雷/奥德修斯
2110,欧阳乔子,403,王冠,黛尔德拉
1159,强东玥,403,王冠,黛尔德拉
3189,石恩知,403,王冠,黛尔德拉
3187,夏云梦,403,王冠,黛尔德拉
905,黄浦申,51,狄俄尼索斯,阿波罗
3568,汤楷,51,狄俄尼索斯,普罗辛诺斯/无名的人/阿里阿德涅/警察
174,周默涵,375,寻找李二狗,李二狗
3590,欧阳丰彦,14,小说,格雷·亨特
3591,苏振维,14,小说,怀特·希斯曼
3484,文亮棋,14,小说,怀特·希斯曼
852,陈科铭,14,小说,怀特·希斯曼
3592,林志明,14,小说,休·戴克
1411,刘丁松,14,小说,休·戴克
3593,孙雨阳,70,阿尔托，梵高,博士
3564,高泽锴,103,梦微之,白居易
3594,潘彦如,103,梦微之,白居易
3595,张黎,103,梦微之,白居易
3596,马啸,103,梦微之,元稹
1236,王智威,103,梦微之,元稹
3490,于世源,103,梦微之,元稹
25,徐泽辉,46,卡拉马佐夫兄弟,伊万
223,徐杭,46,卡拉马佐夫兄弟,斯乜尔加科夫
317,朱涵彬,403,王冠,尤安
27,殷浩伦,403,王冠,莫德雷/奥德修斯
233,杨济连,403,王冠,黛尔德拉
3239,蒲铖,403,王冠,尤安
2168,沈育奇,403,王冠,莫德雷/奥德修斯
974,杜皓云,403,王冠,莫德雷/奥德修斯
21,林润欣,403,王冠,黛尔德拉
2905,亓振源,403,王冠,尤安
901,井彦乔,403,王冠,莫德雷/奥德修斯
3597,陈万鑫,374,尘封十三载,张山山（恶念）
2150,张力夫,387,珍珑,Lucas
620,米晨晨,328,北上,天香/孙宴临
988,刘秫呈,314,画中人,赤珣
3584,陈博石,51,狄俄尼索斯,安普罗斯
2573,张嘉豪,398,一人之下,张楚岚
3472,苏姿语,67,嗜血博士,玛莎
3598,叶姿繁,67,嗜血博士,玛莎
269,徐昊,117,面试,尤金
1189,马海生,117,面试,尤金
259,毛二,117,面试,辛克莱
473,郭耀嵘,404,风声,李宁玉
281,蒋倩如,404,风声,李宁玉
1173,苗梦初,404,风声,李宁玉
19,朱芾,404,风声,李宁玉
2111,陈昊宇,404,风声,顾小梦
271,丁臻滢,404,风声,顾小梦
96,徐瑶,404,风声,顾小梦
29,阿云嘎,404,风声,肥原龙川
269,徐昊,404,风声,肥原龙川
471,钟舜傲,404,风声,肥原龙川
256,张泽,404,风声,肥原龙川
1539,卞佳平,404,风声,吴志国
1208,付翔,404,风声,吴志国
1394,马佳,404,风声,吴志国
177,孙葛川野,404,风声,金生火
41,王峙儒,404,风声,金生火
3289,张耀之,404,风声,金生火
425,方书剑,404,风声,白小年
2872,王瑞,404,风声,白小年
1462,徐栋,404,风声,白小年
267,胡迪,406,梅尔泉,西蒙
852,陈科铭,406,梅尔泉,托里
683,邓贤凌,406,梅尔泉,皮皮
714,孙欣业,406,梅尔泉,哈桑
3602,刘祖君,409,故乡，别来无恙,杜薇
3603,杨乐怡,409,故乡，别来无恙,杜薇
2950,黄思惟,316,末日迷途,威廉
3285,陈政宇,316,末日迷途,海曼
3405,林子兴,316,末日迷途,威廉
3583,张智成,316,末日迷途,海曼
2150,张力夫,316,末日迷途,威廉
3604,王喆,316,末日迷途,威廉
858,曾鑫,316,末日迷途,威廉
2639,陈壬权,316,末日迷途,海曼
3177,琚茂林,316,末日迷途,海曼
3191,钟楚依,316,末日迷途,贝拉
21,林润欣,316,末日迷途,贝拉
1171,王竞琦,316,末日迷途,阿曼达
3605,李可心,427,夜曲No.1826,李依依/第1826号木偶
474,马小乔,67,嗜血博士,乔纳森
2138,浦弘斐,67,嗜血博士,爱德华
3234,郭之阳,67,嗜血博士,爱德华
856,杨宇威,54,辛吉路的画材店,塞修
3606,彭智宇,54,辛吉路的画材店,卡路
3582,王克遥,54,辛吉路的画材店,卡路
3607,方瑩,54,辛吉路的画材店,卡路
859,张毅凯,54,辛吉路的画材店,辛吉
1396,陈志鹏,54,辛吉路的画材店,辛吉
3570,林钇欣,116,LIZZIE丽兹,LIZZIE
2097,陈檀雅,116,LIZZIE丽兹,LIZZIE
1318,徐郑凯伊,116,LIZZIE丽兹,LIZZIE
3572,高崇,116,LIZZIE丽兹,EMMA
3246,张雨桐,116,LIZZIE丽兹,EMMA
3608,孙喆,116,LIZZIE丽兹,BRIDGET
1327,何若水,116,LIZZIE丽兹,BRIDGET
3475,吴嘉怡,116,LIZZIE丽兹,ALICE
3587,陈思宇,116,LIZZIE丽兹,ALICE
3609,孙路悦,116,LIZZIE丽兹,ALICE
257,高杨,262,春宵苦短，少女前进吧！,学长
622,奇煜,262,春宵苦短，少女前进吧！,学长
576,王颢珏,262,春宵苦短，少女前进吧！,局长
959,董豫辰,262,春宵苦短，少女前进吧！,樋口先生
961,林大钦,262,春宵苦短，少女前进吧！,东堂先生
1863,徐蜜聪,262,春宵苦短，少女前进吧！,旧书市之神
3604,王喆,262,春宵苦短，少女前进吧！,总头目
307,罗玉玲,262,春宵苦短，少女前进吧！,纪子小姐
1171,王竞琦,262,春宵苦短，少女前进吧！,羽贯小姐
756,姜崃,406,梅尔泉,西蒙
216,李秋盟,406,梅尔泉,西蒙
968,王逸飞,406,梅尔泉,西蒙
345,祝颂皓,406,梅尔泉,西蒙
468,赵伟钢,406,梅尔泉,西蒙
841,曹牧之,406,梅尔泉,托里
298,刘官卫,406,梅尔泉,托里
477,李苏霖,406,梅尔泉,托里
214,舒荣波,406,梅尔泉,托里
847,朱亮,406,梅尔泉,托里
1020,杜钇樵,406,梅尔泉,皮皮
472,冯远,406,梅尔泉,皮皮
2572,郭珍艳,406,梅尔泉,皮皮
1012,李佳音,406,梅尔泉,皮皮
290,钱安琪,406,梅尔泉,皮皮
686,宋元明,406,梅尔泉,哈桑
1506,王嘉,406,梅尔泉,哈桑
909,薛尚文,406,梅尔泉,哈桑
315,周波,406,梅尔泉,哈桑
1898,张弋,406,梅尔泉,哈桑
425,方书剑,237,丝路之声,Joey
764,崔恩尔,237,丝路之声,心慧/素素
716,张会芳,237,丝路之声,许平儿
1410,高品,103,梦微之,白居易
854,朱亚洲,387,珍珑,Lucas
3189,石恩知,387,珍珑,Abby
575,徐佳文,387,珍珑,Daniel
3583,张智成,67,嗜血博士,爱德华
1697,刘子赫,67,嗜血博士,乔纳森
864,周靖杰,67,嗜血博士,乔纳森
2284,郑婉霞,67,嗜血博士,玛莎
858,曾鑫,67,嗜血博士,乔纳森
970,韩佳旭,314,画中人,洛川
3610,粟俊杰,314,画中人,赤珣
1650,陈诗丹,398,一人之下,风莎燕
3611,蒋涛,25,有一天,黎明
3612,陈博豪,375,寻找李二狗,李二狗
3232,栾靖宇,353,去你的夏天,游亦
3264,拜荣基,353,去你的夏天,游亦
2138,浦弘斐,353,去你的夏天,小松
2906,张皓星,353,去你的夏天,小松
1918,尤宣程,353,去你的夏天,小伟
3613,赖仙宇,313,怪物,里奥
3614,张韧杰,313,怪物,韦恩
3615,史云龙,171,醉后赢家,警察
269,徐昊,136,扬名立万,齐乐山
834,曹小欠儿,409,故乡，别来无恙,张沛
762,吕润桐,409,故乡，别来无恙,张沛
285,刘乙萱,409,故乡，别来无恙,苟丹丹
763,冯鑫垚,409,故乡，别来无恙,董家希
305,钱蒙楠,40,翻国王棋,奥尔森
2439,陈熙,409,故乡，别来无恙,吴芸
1400,许沁,409,故乡，别来无恙,吴芸
1257,代玮,409,故乡，别来无恙,谢阳
550,李炜鹏,409,故乡，别来无恙,谢阳
2011,梁朋杰,409,故乡，别来无恙,齐璞
3616,康子奇,409,故乡，别来无恙,尹乐
144,陆宇鹏,409,故乡，别来无恙,刘文山
775,丁辰西,409,故乡，别来无恙,丁玉兰
1577,于洋,409,故乡，别来无恙,丁玉兰
3364,郭洋坤,409,故乡，别来无恙,刘枫
1541,武阳坤,409,故乡，别来无恙,刘枫
3617,熊俊豪,409,故乡，别来无恙,祝刚
987,张艺,409,故乡，别来无恙,祝刚
2698,牟潇钰,409,故乡，别来无恙,杨秀清
104,黄天宇,409,故乡，别来无恙,张良
891,孟璐,409,故乡，别来无恙,勤勤/樊丽霞
1694,刘放,409,故乡，别来无恙,刘波/苟向东
3618,李子贤,409,故乡，别来无恙,朱旭龙
3619,龙丽莎,409,故乡，别来无恙,王清
259,毛二,14,小说,格雷·亨特
682,邵立君,14,小说,格雷·亨特
267,胡迪,14,小说,休·戴克
852,陈科铭,40,翻国王棋,奥尔森
27,殷浩伦,40,翻国王棋,奥尔森
571,马灵奇,40,翻国王棋,克雷加德
477,李苏霖,40,翻国王棋,戈布
3596,马啸,40,翻国王棋,弗雷
1399,张铎,40,翻国王棋,弗雷
309,张艺,40,翻国王棋,伊敦
626,王明怡,40,翻国王棋,伊敦
678,朱芷秋,40,翻国王棋,伊敦
550,李炜鹏,118,摇滚浮士德,X-黑暗
24,胡超政,118,摇滚浮士德,X-光明
270,王瀚宇,118,摇滚浮士德,约翰·浮士德
3177,琚茂林,395,雕像,雕像
3159,吴盛祥,395,雕像,雕像
284,陈旭,410,渡河，渡河,桃桃
579,洪果,410,渡河，渡河,桃桃
677,廖婧媛,410,渡河，渡河,桃桃
291,刘晓,410,渡河，渡河,桃桃
288,王洁璐,410,渡河，渡河,桃桃
3620,杨冰冰,410,渡河，渡河,桃桃
3621,杨悦,410,渡河，渡河,桃桃
289,周文嘉,410,渡河，渡河,桃桃
903,左一平,410,渡河，渡河,桃桃
3498,陈伟,410,渡河，渡河,越冬
3622,黄雪煌,410,渡河，渡河,越冬
3623,李佳桐,410,渡河，渡河,越冬
3239,蒲铖,410,渡河，渡河,越冬
2905,亓振源,410,渡河，渡河,越冬
305,钱蒙楠,410,渡河，渡河,越冬
3624,谭祖弘,410,渡河，渡河,越冬
2451,周一男,410,渡河，渡河,越冬
213,傅祥安,410,渡河，渡河,迟老师
297,何铭海,410,渡河，渡河,迟老师
605,李信,410,渡河，渡河,迟老师
3490,于世源,410,渡河，渡河,迟老师
675,遇泓羊,410,渡河，渡河,迟老师
294,张琦铭,410,渡河，渡河,迟老师
776,杜鑫艳,412,有真与有真,大有真
3385,廖若彤,412,有真与有真,大有真
3314,刘珈茵,412,有真与有真,大有真
3625,王千荥,412,有真与有真,大有真
1608,娄睿,412,有真与有真,小有真
307,罗玉玲,412,有真与有真,小有真
3386,唐晨怡,412,有真与有真,小有真
3449,姚嘉艺,412,有真与有真,小有真
3626,林丹妮,412,有真与有真,钢琴
3627,翟锦文,412,有真与有真,钢琴
3628,陈希,412,有真与有真,大提琴
3629,罗卓雯,412,有真与有真,大提琴
258,郑艺彬,393,六个说谎的大学生,波多野祥吾
498,纪晓坤,393,六个说谎的大学生,九贺苍太
430,江泽辰,393,六个说谎的大学生,森久保公彦
3630,曹芙嘉,405,青春之歌,林道静
1416,杨璐,405,青春之歌,林道静
2464,王凯,405,青春之歌,卢嘉川
2028,李泽楷,405,青春之歌,卢嘉川
1404,高天鹤,405,青春之歌,余永泽
623,李昊阳,405,青春之歌,余永泽
606,陆艺火,405,青春之歌,胡梦安
3463,于金石,405,青春之歌,胡梦安
3367,赵轩民,405,青春之歌,孙副官
3150,高玉中,405,青春之歌,孙副官
2101,郑玥,405,青春之歌,白丽萍
2098,王艺璇,405,青春之歌,王晓燕
3631,胡杨玉,361,Jessica,Alex
3632,黄启泽,361,Jessica,Giovanni
897,蔡馨怡,387,珍珑,Abby
991,汤俊军,407,最后一颗子弹,陈怀民
3011,刘畅,407,最后一颗子弹,王璐璐
2539,罗明晖,407,最后一颗子弹,高教官
3633,肖昱虹,407,最后一颗子弹,陈天乐
3112,董研峰,407,最后一颗子弹,陈父
3634,宋晓静,407,最后一颗子弹,陈天乐
3635,刘思佳,407,最后一颗子弹,陈母
603,李卓远,403,王冠,尤安
3201,黄圣淇,403,王冠,莫德雷/奥德修斯
2899,卜然,403,王冠,黛尔德拉
3636,黄若鸣,403,王冠,黛尔德拉
2772,文颖倩,203,求婚女王,杜胜男
1769,王款儿,406,梅尔泉,皮皮
3637,沓敏琦,415,春夏秋,女儿 陶思敏
3638,杜淑玲,415,春夏秋,妈妈 李淑梅
3639,吴海涛,415,春夏秋,爸爸 陶伟强
2996,翁婧婷,415,春夏秋,外婆 陈翠芬/专家
1125,闫乐湟,397,Roulette轮盘,Agatha
1697,刘子赫,397,Roulette轮盘,Doyle
603,李卓远,397,Roulette轮盘,Doyle
478,夏阳,397,Roulette轮盘,Doyle
3072,申昊川,397,Roulette轮盘,Poe
775,丁辰西,414,奇美拉,于贝
285,刘乙萱,414,奇美拉,于贝
684,吴杭律,414,奇美拉,于贝
1020,杜钇樵,414,奇美拉,于贝
320,叶嘉雯,414,奇美拉,于贝
1504,宁梦恬,414,奇美拉,林若南
473,郭耀嵘,414,奇美拉,林若南
1172,胥子含,414,奇美拉,林若南
903,左一平,414,奇美拉,林若南
280,赵雨卉,414,奇美拉,林若南
776,杜鑫艳,414,奇美拉,窥梦人
1538,党韫葳,414,奇美拉,窥梦人
2020,王珏语涵,414,奇美拉,窥梦人
474,马小乔,414,奇美拉,窥梦人
3186,李彤,364,战争与和平,海伦
278,于佳鑫,364,战争与和平,海伦
3640,赵翊骁,364,战争与和平,多洛霍夫
3572,高崇,364,战争与和平,玛利亚
3641,张乃天,364,战争与和平,库图佐夫
1410,高品,364,战争与和平,皮埃尔
3179,邱俊阳,364,战争与和平,阿纳托利
428,李炜铃,404,风声,顾小梦
1088,连江维,404,风声,金生火
675,遇泓羊,381,莫迪里阿尼 & 埃贡·席勒,莫迪里阿尼/艺术家
230,黄可,381,莫迪里阿尼 & 埃贡·席勒,珍妮/瓦利
3856,汪卓成,451,四十天,卢作孚
288,王洁璐,381,莫迪里阿尼 & 埃贡·席勒,珍妮/瓦利
1262,毋子玥,413,结婚狂想曲：KPI恋人,张凯艺
620,米晨晨,413,结婚狂想曲：KPI恋人,张凯艺
748,赵梓冲,413,结婚狂想曲：KPI恋人,陆雨放
550,李炜鹏,413,结婚狂想曲：KPI恋人,陆雨放
1577,于洋,413,结婚狂想曲：KPI恋人,岚姐
3642,杨光,413,结婚狂想曲：KPI恋人,王启欧
3641,张乃天,413,结婚狂想曲：KPI恋人,王启欧
1029,潘蕾蕾,413,结婚狂想曲：KPI恋人,姚蓓蓓
3621,杨悦,413,结婚狂想曲：KPI恋人,姚蓓蓓
104,黄天宇,413,结婚狂想曲：KPI恋人,老黄
1694,刘放,413,结婚狂想曲：KPI恋人,黑哥
2775,赵梓岑,413,结婚狂想曲：KPI恋人,Lillian
2511,李雅伦,413,结婚狂想曲：KPI恋人,Amanda
2506,毛迪,413,结婚狂想曲：KPI恋人,张总
3087,赵国砚,413,结婚狂想曲：KPI恋人,小查
2507,任真慧,413,结婚狂想曲：KPI恋人,Kitty
3643,董兰溪,413,结婚狂想曲：KPI恋人,Kitty
1903,冒海飞,417,HEDWIG海德薇,HEDWIG
256,张泽,417,HEDWIG海德薇,HEDWIG
764,崔恩尔,417,HEDWIG海德薇,YITZHAK
218,刘浩冉,417,HEDWIG海德薇,YITZHAK
3647,杨雨蒙,419,音符密码,凌皎
3648,周泽楠,419,音符密码,梁明益
3649,仝濛,419,音符密码,周逢远
3650,董睿祥,419,音符密码,魏敞
3651,张昱泽,419,音符密码,上线
3652,李智豪,419,音符密码,孙向东
3654,金鑫鑫,419,音符密码,冯参谋
3655,翟婧仪,419,音符密码,郑组长
3656,朱思颖,419,音符密码,赵组长
3657,蒋超龙,419,音符密码,李副官
3658,刘畅,419,音符密码,服务生
3659,孔雅婷,419,音符密码,多功能人
3660,刘帅,419,音符密码,多功能人
3661,郭宇,339,永远的旋律,侯少华
3662,许迪娜,339,永远的旋律,陈淑娟
3663,计文睿,339,永远的旋律,袁亚军
3664,孙雅楠,339,永远的旋律,苏红
1903,冒海飞,94,谋杀歌谣,Tom
708,苏诗丁,94,谋杀歌谣,Sara
471,钟舜傲,94,谋杀歌谣,Michael
218,刘浩冉,94,谋杀歌谣,Sara
467,钟嘉诚,94,谋杀歌谣,Tom
267,胡迪,94,谋杀歌谣,Michael
776,杜鑫艳,94,谋杀歌谣,Narrator
1573,项裕,171,醉后赢家,杨鼎天
3665,岳佳宁,171,醉后赢家,周大福
2305,矫子奕,171,醉后赢家,杜海燕
2097,陈檀雅,337,锦衣卫之刀与花,孙贵妃
3606,彭智宇,337,锦衣卫之刀与花,歌队
3199,胡格畅,420,死神疗愈馆,沈飞扬
3666,王仕轩,420,死神疗愈馆,沈飞扬
3564,高泽锴,420,死神疗愈馆,沈飞扬
3667,邱诒轩,420,死神疗愈馆,沈飞扬
2571,张力升,420,死神疗愈馆,周行
3563,黎濮宁,420,死神疗愈馆,周行
3569,潘延,420,死神疗愈馆,周行
3668,赵周权,420,死神疗愈馆,周行
1083,刘勃汐,421,大魔术师,丹尼尔
298,刘官卫,421,大魔术师,丹尼尔
1779,庞东轩,421,大魔术师,丹尼尔
2639,陈壬权,421,大魔术师,凯尔
3411,马黑凯杰,421,大魔术师,凯尔
3820,戴逸辰,40,翻国王棋,玛尼
262,舒杨,421,大魔术师,凯尔
470,杨皓晨,421,大魔术师,凯尔
2097,陈檀雅,421,大魔术师,乔安娜
1862,黄旖,421,大魔术师,乔安娜
1125,闫乐湟,421,大魔术师,乔安娜
143,严小北,421,大魔术师,乔安娜
3458,孙千竣,421,大魔术师,塔米尔
1918,尤宣程,421,大魔术师,塔米尔
3670,郑一凉,421,大魔术师,塔米尔
1901,赵云霄,421,大魔术师,塔米尔
2952,王凌毅,421,大魔术师,多功能人（贾斯帕）
3671,王泽乾,421,大魔术师,多功能人（贾斯帕）
966,冯文彦,316,末日迷途,威廉
479,曹珺,316,末日迷途,威廉
3572,高崇,316,末日迷途,阿曼达
3672,安浩鸣,422,无刃之镜,沈墨舟
2997,许庆泽,422,无刃之镜,沈墨舟
631,李依桐,422,无刃之镜,沈墨舟
3673,魏天泽,422,无刃之镜,李保
3175,王星雨,422,无刃之镜,李保
2809,仇毓翔,422,无刃之镜,李保
323,邹子月,77,#0528,多功能人
3674,朱紫文,422,无刃之镜,施美莉
3437,王晶莹,422,无刃之镜,施美莉
3401,俞嘉悦,422,无刃之镜,施美莉
3675,金垚冰,422,无刃之镜,董钰知
3676,王艺臻,422,无刃之镜,董钰知
1652,莫玉滢,422,无刃之镜,董钰知
3386,唐晨怡,422,无刃之镜,董钰知
3677,王晨雨,422,无刃之镜,董钰知
685,暴晓萱,112,如果,Mandy
3232,栾靖宇,256,时光代理人,程小时
2648,巴文豪,256,时光代理人,程小时
863,唐浩瑜,256,时光代理人,程小时
1080,钟子崴,256,时光代理人,程小时
3678,熊浴翔,256,时光代理人,程小时
1552,杜牧,256,时光代理人,程小时
3174,叶锐,256,时光代理人,陆光
3484,文亮棋,256,时光代理人,陆光
1780,朱羿达,256,时光代理人,陆光
2282,樊哲,256,时光代理人,陆光
1846,武冠辰,256,时光代理人,陆光
3296,安吉儿,256,时光代理人,乔苓
3679,朱媛媛,256,时光代理人,乔苓
2462,张芷妍,256,时光代理人,乔苓
1166,叶思琳,256,时光代理人,乔苓
1118,刘鑫,256,时光代理人,陈潇/陆鸿斌
3680,陈雨朦,256,时光代理人,林贞/陈潇妈
3681,陈奕蓉,256,时光代理人,林贞/陈潇妈
3314,刘珈茵,256,时光代理人,林贞/陈潇妈
3387,唐瑾,256,时光代理人,林贞/陈潇妈
2026,徐晓玥,256,时光代理人,林贞/陈潇妈
3682,黄建豪,256,时光代理人,陈潇/陆鸿斌
3683,赵星尧,256,时光代理人,陈潇/陆鸿斌
2169,卢翰林,256,时光代理人,程小时
826,李存贤,256,时光代理人,程小时
977,赵奕然,256,时光代理人,陆光
993,刘朱烨,256,时光代理人,陆光
474,马小乔,256,时光代理人,乔苓
472,冯远,256,时光代理人,乔苓
3684,林晨玮,366,金风玉露,金笙
3685,姚泽龙,366,金风玉露,金笙
3686,崔宇皓,366,金风玉露,毛腿
3687,聂博文,366,金风玉露,辫子军/鬼卒
3688,崔璨,366,金风玉露,辫子军/鬼卒
3689,张葰言,366,金风玉露,辫子军/鬼卒
3690,郑润琦,366,金风玉露,辫子军/鬼卒
1066,龚子棋,424,THRILL ME,Richard
1081,滕春鹏,424,THRILL ME,Richard
266,施哲明,424,THRILL ME,Richard
1777,孙一城,424,THRILL ME,Richard
577,汤佳明,424,THRILL ME,Richard
263,瞿艺,424,THRILL ME,Nathan
476,李磊,424,THRILL ME,Nathan
3604,王喆,424,THRILL ME,Nathan
993,刘朱烨,424,THRILL ME,Nathan
3158,蓝浩,424,THRILL ME,Nathan
1626,许昌泰,424,THRILL ME,Nathan
267,胡迪,424,THRILL ME,Richard
853,郭洧江,425,宠儿,特斯拉
971,廖城志,425,宠儿,特斯拉
1697,刘子赫,425,宠儿,特斯拉
1082,王桓,425,宠儿,特斯拉
192,王书琦,425,宠儿,特斯拉
905,黄浦申,425,宠儿,爱迪生
782,姜呈洋,425,宠儿,爱迪生
572,施天玮,425,宠儿,爱迪生
3604,王喆,425,宠儿,爱迪生
970,韩佳旭,425,宠儿,巴恩斯
3691,李岩,425,宠儿,巴恩斯
3384,孙义清,425,宠儿,巴恩斯
2871,田祥晔,425,宠儿,巴恩斯
857,脱骁尧,425,宠儿,巴恩斯
2283,王佑名,350,第十四个子夜,漫画家
763,冯鑫垚,203,求婚女王,杜胜男
3201,黄圣淇,395,雕像,于格
3692,金佳垠,427,夜曲No.1826,李依依/第1826号木偶
3693,温颜冰,427,夜曲No.1826,暗影-沈清影
3694,冯蕾静,427,夜曲No.1826,暗影-沈清影
3695,凌俊杰,427,夜曲No.1826,烬羽
3653,肖钰,419,音符密码,冯太太
3210,王雅馨,429,面·具,林薇
3209,唐子晗,429,面·具,沈砚/周慕云
1921,郭泽学,429,面·具,沈砚/周慕云
25,徐泽辉,421,大魔术师,丹尼尔
2440,华英杰,421,大魔术师,丹尼尔
713,赵毅劼,421,大魔术师,丹尼尔
3247,黄玟宇,421,大魔术师,乔安娜
3606,彭智宇,421,大魔术师,多功能人（贾斯帕）
225,吴锦铎,421,大魔术师,多功能人（贾斯帕）
275,申霓,421,大魔术师,乔安娜
226,崔承宇,448,六点下班,张万保
3294,胡志勋,448,六点下班,张万保
3701,梁弘宇,448,六点下班,张万保
974,杜皓云,448,六点下班,张万保
3702,马郴,448,六点下班,尹大志
1627,陈韬,448,六点下班,尹大志
3703,韩松,448,六点下班,尹大志
3162,庞华谦,448,六点下班,尹大志
969,张鼎棋,448,六点下班,尹大志
3814,王楠,448,六点下班,尹大志
707,李怡垚,448,六点下班,崔曼宁
3705,林泽茵,448,六点下班,崔曼宁
1608,娄睿,448,六点下班,崔曼宁
965,元佳辰,448,六点下班,高天浩
3238,陈蕴,448,六点下班,高天浩
3708,陈鸿伟,448,六点下班,高天浩
3561,孙晨恺,448,六点下班,高天浩
3623,李佳桐,448,六点下班,高天浩
257,高杨,433,本杰明·巴顿奇事,本杰明·巴顿
266,施哲明,433,本杰明·巴顿奇事,本杰明·巴顿
481,王培杰,433,本杰明·巴顿奇事,本杰明·巴顿
3501,魏忠杰,433,本杰明·巴顿奇事,本杰明·巴顿
775,丁辰西,433,本杰明·巴顿奇事,黛西
271,丁臻滢,433,本杰明·巴顿奇事,黛西
230,黄可,433,本杰明·巴顿奇事,黛西
1209,李泽美,433,本杰明·巴顿奇事,黛西
216,李秋盟,433,本杰明·巴顿奇事,麦克/托马斯
3179,邱俊阳,433,本杰明·巴顿奇事,麦克/托马斯
2170,叶宇锋,433,本杰明·巴顿奇事,麦克/托马斯
294,张琦铭,433,本杰明·巴顿奇事,麦克/托马斯
511,陈恬,433,本杰明·巴顿奇事,奎妮/伊丽莎白
677,廖婧媛,433,本杰明·巴顿奇事,奎妮/伊丽莎白
1667,郑涵一,433,本杰明·巴顿奇事,奎妮/伊丽莎白
3177,琚茂林,433,本杰明·巴顿奇事,BYSTANDER
826,李存贤,433,本杰明·巴顿奇事,BYSTANDER
2169,卢翰林,433,本杰明·巴顿奇事,BYSTANDER
2872,王瑞,433,本杰明·巴顿奇事,BYSTANDER
3711,柏瀚,434,暗夜阳光,马尔科
3712,陈辰,434,暗夜阳光,保罗
3713,王阳,434,暗夜阳光,舞女-莫妮卡
3714,许漫,434,暗夜阳光,老板娘-安娜
3715,刘政昀,434,暗夜阳光,小酒保
683,邓贤凌,431,红莲,红莲
3570,林钇欣,431,红莲,红莲
1504,宁梦恬,431,红莲,红莲
143,严小北,431,红莲,红莲
43,陈沁,431,红莲,钵里公主
776,杜鑫艳,431,红莲,钵里公主
3716,尼玛雍珠,431,红莲,钵里公主
509,徐梦,431,红莲,钵里公主
213,傅祥安,431,红莲,降临道令
26,胡芳洲,431,红莲,降临道令
333,刘阳,431,红莲,降临道令
3366,何严浩,431,红莲,日值差使
3718,陆好雨,431,红莲,日值差使
784,李泽晨,431,红莲,月值差使
1018,李子涵,431,红莲,月值差使
2539,罗明晖,295,拜风,阿江
3720,南枫,424,THRILL ME,Richard
3592,林志明,424,THRILL ME,Richard
3721,梁景皓,424,THRILL ME,Richard
1973,刘彬濠,424,THRILL ME,Nathan
3722,黄梓洋,424,THRILL ME,Nathan
3248,劳其森,424,THRILL ME,Nathan
971,廖城志,424,THRILL ME,Nathan
299,顾易,77,#0528,主宰/灵媒
3384,孙义清,77,#0528,主宰/灵媒
756,姜崃,77,#0528,主宰/灵媒
847,朱亮,77,#0528,主宰/灵媒
857,脱骁尧,77,#0528,中介
3724,闫子钧,77,#0528,多功能人
315,周波,77,#0528,多功能人
2282,樊哲,77,#0528,多功能人
2942,赵佳琳,77,#0528,多功能人
3049,王思佳,77,#0528,多功能人
3725,孙天姿,77,#0528,多功能人
758,邵奕磊,77,#0528,Brandon
468,赵伟钢,77,#0528,Brandon
846,陈志,77,#0528,Doris
477,李苏霖,77,#0528,Doris
681,李政绪,77,#0528,Eggy
1304,白倬铭,418,大理寺日志,李饼
258,郑艺彬,418,大理寺日志,李饼
205,张智涵,418,大理寺日志,李饼
31,何亮辰,418,大理寺日志,丘神纪
269,徐昊,418,大理寺日志,丘神纪
471,钟舜傲,418,大理寺日志,丘神纪
473,郭耀嵘,418,大理寺日志,武明空
426,王梓庭,418,大理寺日志,武明空
20,余思冉,418,大理寺日志,武明空
2446,姜义哲,418,大理寺日志,陈拾
2170,叶宇锋,418,大理寺日志,陈拾
1306,张博俊,418,大理寺日志,陈拾
2006,陈诗,418,大理寺日志,一枝花
3159,吴盛祥,418,大理寺日志,一枝花
1410,高品,418,大理寺日志,来俊臣
262,舒杨,418,大理寺日志,来俊臣
1582,张光磊,418,大理寺日志,来俊臣
236,周显波,408,消灭多余的我,天使
3731,周遊,408,消灭多余的我,女人
224,李泽熙,408,消灭多余的我,男人
235,赵雅妮,408,消灭多余的我,女孩
511,陈恬,437,女巫,ABBEY
287,陈玉婷,437,女巫,ABBEY
1172,胥子含,437,女巫,ABBEY
320,叶嘉雯,437,女巫,ABBEY
20,余思冉,437,女巫,ABBEY
775,丁辰西,437,女巫,MARGARET
1538,党韫葳,437,女巫,MARGARET
271,丁臻滢,437,女巫,MARGARET
274,张沁丹,437,女巫,MARGARET
288,王洁璐,437,女巫,ELSPETH
1667,郑涵一,437,女巫,ELSPETH
280,赵雨卉,437,女巫,ELSPETH
3732,曹洪远,437,女巫,WITCH HUNTER
1174,付世刚,437,女巫,WITCH HUNTER
3733,覃威尔,437,女巫,WITCH HUNTER
300,田野,316,末日迷途,威廉
854,朱亚洲,316,末日迷途,海曼
3739,罗子廉,438,那一个烟花璀璨的晚上,林俊朗
3740,潘希岚,438,那一个烟花璀璨的晚上,文希南
3741,王枬,438,那一个烟花璀璨的晚上,文希南爸爸
3638,杜淑玲,438,那一个烟花璀璨的晚上,文希南妈妈
3735,罗诗,438,那一个烟花璀璨的晚上,GINA
3742,何灏,438,那一个烟花璀璨的晚上,游立东
3743,张容德,438,那一个烟花璀璨的晚上,客串酒客
2573,张嘉豪,406,梅尔泉,哈桑
3744,辛未,308,深处,何帅
3745,张一雅琦,308,深处,段施依
3746,杨钊,308,深处,胡磊
3747,李然,308,深处,歌者
42,吴勃臻,404,风声,老鳖
275,申霓,404,风声,老汉
771,赵嘉艳,404,风声,老汉
1066,龚子棋,435,干花,李有锡/韩叙潾
299,顾易,435,干花,李有锡/韩叙潾
498,纪晓坤,435,干花,李有锡/韩叙潾
1626,许昌泰,435,干花,李有锡/韩叙潾
2446,姜义哲,435,干花,李有锡/韩叙潾
3185,程晨,435,干花,李有锡/韩叙潾
579,洪果,435,干花,李有锡/韩叙潾
896,余镇鳌,435,干花,林正民/金夏温
467,钟嘉诚,435,干花,林正民/金夏温
577,汤佳明,435,干花,林正民/金夏温
895,万钰彬,435,干花,林正民/金夏温
230,黄可,435,干花,林正民/金夏温
2097,陈檀雅,435,干花,林正民/金夏温
482,朱微之,435,干花,朴智錫/尹书恩
264,相征,435,干花,朴智錫/尹书恩
3748,张珈尔,435,干花,朴智錫/尹书恩
854,朱亚洲,435,干花,朴智錫/尹书恩
2110,欧阳乔子,435,干花,朴智錫/尹书恩
3190,刘恒瑜,435,干花,朴智錫/尹书恩
318,潘珏辰,435,干花,朴智錫/尹书恩
300,田野,435,干花,吴俊赫/朴宝拉
976,薛钦元,435,干花,吴俊赫/朴宝拉
3749,刘宝仪,435,干花,吴俊赫/朴宝拉
3457,黎玥杉,435,干花,吴俊赫/朴宝拉
897,蔡馨怡,435,干花,吴俊赫/朴宝拉
666,诸葛北辰,435,干花,郑成浩/郑素熙
2138,浦弘斐,435,干花,郑成浩/郑素熙
305,钱蒙楠,435,干花,郑成浩/郑素熙
575,徐佳文,435,干花,郑成浩/郑素熙
284,陈旭,435,干花,郑成浩/郑素熙
1159,强东玥,435,干花,郑成浩/郑素熙
3750,李浩瑞,397,Roulette轮盘,Lust
3751,蒋心瑞,397,Roulette轮盘,Greed
1323,叶麒圣,118,摇滚浮士德,X-黑暗
20,余思冉,118,摇滚浮士德,格雷琴
1697,刘子赫,403,王冠,尤安
23,赵禹钧,404,风声,老鳖
278,于佳鑫,404,风声,老汉
1399,张铎,155,乌鸦,特瑞斯
294,张琦铭,155,乌鸦,特瑞斯
3564,高泽锴,330,OZ,俊一
3754,龙一豪,330,OZ,俊一
3755,俞霁航,330,OZ,俊一
2906,张皓星,330,OZ,铁皮
3567,陈佳艺,330,OZ,铁皮
3756,邓文篪,330,OZ,BUTTON
3757,于诗涵,330,OZ,BUTTON
3758,王泽辉,330,OZ,BUTTON
3569,潘延,330,OZ,BUTTON
3759,高源,330,OZ,MAX
3117,陈卓,330,OZ,MAX
903,左一平,409,故乡，别来无恙,董家希
604,梁汉,409,故乡，别来无恙,尹乐
1404,高天鹤,372,湾,晶石
2631,赵越,372,湾,晶石
3760,种丹妮,372,湾,吴淑芬/于志
286,湛嘉丽,372,湾,符小莲/顾晓蕾
2784,袁泽智,372,湾,刘大成
3761,彭玥菡,372,湾,罗珠珠/王晓娟
3768,李卓雨,372,湾,郝巧巧/李金花
3762,邢鹤严,372,湾,王友江/吴国栋
3763,侯毅杰,372,湾,王卫/李小军
3764,庞皓,372,湾,孙磊/顾建国
3765,廖莎,372,湾,沈露/张玲
3766,卢梓萌,372,湾,李红梅/王雅丽
3767,王烨森,372,湾,郭福才/李川
1171,王竞琦,429,面·具,林薇
1710,刘宇希,372,湾,罗珠珠/王晓娟
3769,房静,372,湾,吴淑芬/于志
3770,崔建宇,372,湾,孙磊/顾建国
171,明家歆,372,湾,罗珠珠/王晓娟
30,刘令飞,417,HEDWIG海德薇,HEDWIG
286,湛嘉丽,439,云梦花开,梦汐
3028,田鸽,368,杜十娘,杜十娘
1159,强东玥,368,杜十娘,杜十娘
2143,马尚之,368,杜十娘,孙富
3255,张贝伊,368,杜十娘,杜妈妈
3771,魏欣怡,368,杜十娘,陈香
1209,李泽美,55,道林格雷的画像,西比尔·韦恩/夏罗·韦恩
3574,肖恺翀,397,Roulette轮盘,Envy
291,刘晓,397,Roulette轮盘,Greed
3073,梁庆海,397,Roulette轮盘,Lust
751,吴以瀚,433,本杰明·巴顿奇事,麦克/托马斯
1318,徐郑凯伊,316,末日迷途,贝拉
3559,郭美冉,379,连璧,李玉屏
21,林润欣,379,连璧,李玉屏
3621,杨悦,379,连璧,李玉屏
3208,邓茹月,379,连璧,谢宛宁
906,易群,379,连璧,谢宛宁
304,徐步超,441,渔光曲,陆言/陆与舟
3772,俞王诗琪,441,渔光曲,沈星渔
3773,徐涌嘉,441,渔光曲,周健豪/周潮生
3774,杨奕欣,441,渔光曲,沈月
3775,王俊博,441,渔光曲,阿海
3776,叶丹艳,441,渔光曲,励阿婆
3777,李鑫,441,渔光曲,薛磊
3778,王羽翔,441,渔光曲,阿谣
477,李苏霖,424,THRILL ME,Nathan
470,杨皓晨,424,THRILL ME,Nathan
300,田野,424,THRILL ME,Richard
264,相征,424,THRILL ME,Nathan
3240,肖笛,397,Roulette轮盘,Lust
1404,高天鹤,444,高歌,秦川
174,周默涵,444,高歌,秦川
1744,徐晶晶,444,高歌,孟一秋
1255,袁东方,444,高歌,兰兰
3799,张纳瑜,444,高歌,兰兰
1263,桑云龙,444,高歌,战三河
3463,于金石,444,高歌,战三河
1508,王靖棋,444,高歌,颜新维
2951,刘俊泽,444,高歌,颜新维
3014,高宇轩,444,高歌,钟大年
3303,邹宇昂,444,高歌,吴令钊
1266,黄奕申,444,高歌,吴令钊
2705,张天玮,444,高歌,黎式风
3800,杨凡,444,高歌,黎式风
3589,于浩,444,高歌,李有源
3801,马小军,444,高歌,山药蛋
3802,李玎,444,高歌,榆钱花
3803,杜嬿暇,444,高歌,榆钱花
3804,张志宝,444,高歌,响娃
3481,岳云川,445,东南望,陈启耀
3088,刘欣,445,东南望,陈启耀
2426,曾涌麟,445,东南望,穆天明
3805,栾续博,445,东南望,穆天明
3806,何小毅,445,东南望,乔时星
2023,黄湙云,445,东南望,乔时星
3489,杨优优,445,东南望,林若然
1577,于洋,190,速记员,江小姐
3807,孙雨薇,190,速记员,小女孩
256,张泽,97,堕落天使,瓦伦蒂诺/贾科莫
764,崔恩尔,97,堕落天使,瓦伦蒂诺/贾科莫
847,朱亮,97,堕落天使,瓦伦蒂诺/贾科莫
712,高雨晨,97,堕落天使,达·芬奇/卢卡
756,姜崃,97,堕落天使,达·芬奇/卢卡
3808,田宇航,171,醉后赢家,李丁一
3809,陈翔翔,91,赵氏孤儿,程妻
3810,周菲戈,435,干花,郑成浩/郑素熙
3572,高崇,435,干花,郑成浩/郑素熙
683,邓贤凌,447,造星计划,阿莉娅
3521,陈昭如,447,造星计划,阿莉娅
230,黄可,447,造星计划,阿莉娅
290,钱安琪,447,造星计划,阿莉娅
288,王洁璐,447,造星计划,阿莉娅
3185,程晨,447,造星计划,贝安娜
1020,杜钇樵,447,造星计划,贝安娜
3559,郭美冉,447,造星计划,贝安娜
474,马小乔,447,造星计划,贝安娜
684,吴杭律,447,造星计划,贝安娜
2020,王珏语涵,447,造星计划,安琪儿
578,葛洧吟,447,造星计划,安琪儿
1161,王樵知,447,造星计划,安琪儿
2934,王允宸,447,造星计划,安琪儿
3608,孙喆,448,六点下班,崔曼宁
3710,梅迪,448,六点下班,高天浩
3700,雕雕,448,六点下班,徐秀美
2012,刘羿含,448,六点下班,徐秀美
3183,谭薇,448,六点下班,徐秀美
3704,徐贤雅,448,六点下班,徐秀美
908,陈旭茂,448,六点下班,安立伟
3706,聂嶢欣,448,六点下班,安立伟
3707,宋显凯,448,六点下班,安立伟
3709,张汀,448,六点下班,卢部长
3669,黄成阳,448,六点下班,卢部长
1576,周子钧,448,六点下班,卢部长
1698,窦威,448,六点下班,卢部长
3816,林子欣,442,星辰大海·冼星海,黄苏英
3221,董斌,442,星辰大海·冼星海,冼星海
2704,丁子荻,442,星辰大海·冼星海,冼妮娜
1768,刘晓燕,442,星辰大海·冼星海,钱韵玲
3818,霍嘉珩,442,星辰大海·冼星海,馆员
3817,孙怡婷,442,星辰大海·冼星海,冼妮娜
1411,刘丁松,442,星辰大海·冼星海,杜卡教授/光未然
3819,何浩斐,442,星辰大海·冼星海,喜泰/房东
3821,胡鸿钧,449,从来是一对,领衔主演
3822,彭杏英,449,从来是一对,主演
3735,罗诗,449,从来是一对,主演
1115,林可嘉,449,从来是一对,主演
2018,江珊,450,此生必驾,安高原
3823,魏雪漫,450,此生必驾,安高原
1254,谭维维,450,此生必驾,林晓静
834,曹小欠儿,450,此生必驾,林晓静
762,吕润桐,450,此生必驾,安新荣
384,喻越越,450,此生必驾,安新荣
17,郑棋元,450,此生必驾,王卫国
3085,李晨源,450,此生必驾,王卫国
1408,董志勇,450,此生必驾,王卫国
3824,张珈铭,450,此生必驾,顾四海
2440,华英杰,450,此生必驾,顾四海
3465,李纪柯,450,此生必驾,顾四海
3825,丁真,450,此生必驾,多吉
1707,索朗顿珠,450,此生必驾,多吉
3213,谢素豪,450,此生必驾,蒋向阳
3462,王泽霖,450,此生必驾,蒋向阳
2705,张天玮,450,此生必驾,李三喜
3826,王泽轩,450,此生必驾,李三喜
1694,刘放,450,此生必驾,李三喜
3604,王喆,429,面·具,沈砚/周慕云
3834,侯琦,171,醉后赢家,杜海燕
3835,杜于翊晨,171,醉后赢家,周大福
3071,张梁,445,东南望,穆天明
674,王敏辉,452,奥尔菲斯,托马斯
682,邵立君,452,奥尔菲斯,托马斯
993,刘朱烨,452,奥尔菲斯,托马斯
2169,卢翰林,452,奥尔菲斯,托马斯
575,徐佳文,452,奥尔菲斯,托马斯
467,钟嘉诚,452,奥尔菲斯,奥尔菲斯
299,顾易,452,奥尔菲斯,奥尔菲斯
270,王瀚宇,452,奥尔菲斯,奥尔菲斯
977,赵奕然,452,奥尔菲斯,奥尔菲斯
3159,吴盛祥,452,奥尔菲斯,奥尔菲斯
3158,蓝浩,452,奥尔菲斯,奥尔菲斯
345,祝颂皓,452,奥尔菲斯,比尔
232,吴志军,452,奥尔菲斯,比尔
1777,孙一城,452,奥尔菲斯,比尔
305,钱蒙楠,452,奥尔菲斯,比尔
1779,庞东轩,452,奥尔菲斯,比尔
230,黄可,452,奥尔菲斯,赛琳娜
474,马小乔,452,奥尔菲斯,赛琳娜
3191,钟楚依,452,奥尔菲斯,赛琳娜
3475,吴嘉怡,452,奥尔菲斯,赛琳娜
1167,黄雨蝶,452,奥尔菲斯,赛琳娜
3560,宋苞涵,452,奥尔菲斯,赛琳娜
320,叶嘉雯,452,奥尔菲斯,欧莉
318,潘珏辰,452,奥尔菲斯,欧莉
3844,黄玫,452,奥尔菲斯,欧莉
3845,盛嘉怡,452,奥尔菲斯,欧莉
3457,黎玥杉,452,奥尔菲斯,欧莉
3570,林钇欣,453,玩偶,许忆
1504,宁梦恬,453,玩偶,许忆
1159,强东玥,453,玩偶,许忆
894,田梦,453,玩偶,许忆
903,左一平,453,玩偶,许忆
213,傅祥安,453,玩偶,许忆
853,郭洧江,453,玩偶,许忆
1697,刘子赫,453,玩偶,许忆
2168,沈育奇,453,玩偶,许忆
497,陈晓琼,453,玩偶,许寻
2622,冯镝霏,453,玩偶,许寻
357,年蔓婷,453,玩偶,许寻
1171,王竞琦,453,玩偶,许寻
3246,张雨桐,453,玩偶,许寻
479,曹珺,453,玩偶,许寻
466,郭亢,453,玩偶,许寻
862,施博威,453,玩偶,许寻
572,施天玮,453,玩偶,许寻
3462,王泽霖,453,玩偶,许寻
1126,陈姝月,453,玩偶,向阳
472,冯远,453,玩偶,向阳
21,林润欣,453,玩偶,向阳
3457,黎玥杉,453,玩偶,向阳
3853,任晓璇,453,玩偶,向阳
3564,高泽锴,453,玩偶,向阳
3854,黄安果,453,玩偶,向阳
3119,沈哲祺,453,玩偶,向阳
666,诸葛北辰,453,玩偶,向阳
3579,毕源格,453,玩偶,桂芳
685,暴晓萱,453,玩偶,桂芳
3558,黄轶,453,玩偶,桂芳
2012,刘羿含,453,玩偶,桂芳
3855,秦雨晨,453,玩偶,桂芳
907,沈恬,453,玩偶,桂芳
1085,于梦滢,453,玩偶,桂芳
1584,朱佳艳,453,玩偶,桂芳
1404,高天鹤,451,四十天,卢作孚
3837,覃可心,451,四十天,楚千朵
1257,代玮,451,四十天,萧子木
3085,李晨源,451,四十天,萧子木
384,喻越越,451,四十天,蒙淑仪
1416,杨璐,451,四十天,蒙淑仪
1508,王靖棋,451,四十天,金大牙
1706,席同歌,451,四十天,金大牙
1036,周校校,451,四十天,老蜀通
1408,董志勇,451,四十天,任重远
3370,吴冠锋,451,四十天,任重远
606,陆艺火,451,四十天,梁登云
1066,龚子棋,94,谋杀歌谣,Tom
3857,张璐,10,FLAMES火焰,梅瑞狄斯
1171,王竞琦,10,FLAMES火焰,梅瑞狄斯
3858,张羽霖,10,FLAMES火焰,梅瑞狄斯
3454,强雯,10,FLAMES火焰,梅瑞狄斯
1159,强东玥,10,FLAMES火焰,梅瑞狄斯
3859,刘栖子,10,FLAMES火焰,梅瑞狄斯
2871,田祥晔,10,FLAMES火焰,爱德蒙
3355,黄子俊,10,FLAMES火焰,爱德蒙
3566,陈近东,10,FLAMES火焰,爱德蒙
1918,尤宣程,10,FLAMES火焰,爱德蒙
3604,王喆,10,FLAMES火焰,爱德蒙
1345,冯钰钢,10,FLAMES火焰,爱德蒙
3592,林志明,10,FLAMES火焰,爱德蒙
784,李泽晨,10,FLAMES火焰,埃里克
2876,褚威,10,FLAMES火焰,埃里克
1777,孙一城,10,FLAMES火焰,埃里克
1082,王桓,424,THRILL ME,Richard
2639,陈壬权,424,THRILL ME,Richard
1918,尤宣程,424,THRILL ME,Richard
312,刘牧,424,THRILL ME,Richard
3405,林子兴,424,THRILL ME,Richard
3860,彭北逸,424,THRILL ME,Richard
3209,唐子晗,424,THRILL ME,Richard
2872,王瑞,424,THRILL ME,Nathan
895,万钰彬,424,THRILL ME,Nathan
2905,亓振源,424,THRILL ME,Nathan
3754,龙一豪,424,THRILL ME,Nathan
3567,陈佳艺,424,THRILL ME,Nathan
3172,王珂,424,THRILL ME,Nathan
3861,魏文隆,424,THRILL ME,Nathan
3862,徐世杰,407,最后一颗子弹,王璐璐
3863,吴娇,407,最后一颗子弹,陈天乐
3864,谌宗灿,407,最后一颗子弹,陈父
3865,朱瑾,407,最后一颗子弹,陈母
3866,宋鹏,407,最后一颗子弹,颜海闻
3113,杨烁,407,最后一颗子弹,沈崇辉
3867,杨承华,407,最后一颗子弹,林寰
3868,宋乐乐,407,最后一颗子弹,徐兮虎
3869,刘家名,407,最后一颗子弹,少年天民
3870,王紫勤,407,最后一颗子弹,少年天乐
3871,唐伟议,407,最后一颗子弹,阿桂
3872,肖雪峰,407,最后一颗子弹,舞者陈父
3873,陈雯倩,407,最后一颗子弹,舞者陈母
3874,王智,407,最后一颗子弹,舞者天民
3875,向慧鹃,407,最后一颗子弹,舞者天乐
3876,邢贤,407,最后一颗子弹,邮差
2283,王佑名,67,嗜血博士,爱德华
905,黄浦申,67,嗜血博士,爱德华
3668,赵周权,67,嗜血博士,爱德华
3582,王克遥,67,嗜血博士,爱德华
3877,马震坤,67,嗜血博士,爱德华
2539,罗明晖,67,嗜血博士,乔纳森
988,刘秫呈,67,嗜血博士,乔纳森
1169,赵嘉恒,67,嗜血博士,乔纳森
1166,叶思琳,67,嗜血博士,玛莎
3878,伍语涵,67,嗜血博士,玛莎
3879,张译丹,67,嗜血博士,玛莎
3880,陈雨琪,67,嗜血博士,玛莎
3606,彭智宇,313,怪物,里奥
970,韩佳旭,313,怪物,里奥
2219,谭建业,313,怪物,韦恩
974,杜皓云,313,怪物,韦恩
2179,郑金铠,313,怪物,韦恩
2282,樊哲,313,怪物,韦恩
3881,吴扬凡,313,怪物,韦恩
2364,范可妮,454,破墙,孟潼/小月
1159,强东玥,454,破墙,孟潼/小月
684,吴杭律,454,破墙,孟潼/小月
1172,胥子含,454,破墙,孟潼/小月
3621,杨悦,454,破墙,孟潼/小月
280,赵雨卉,454,破墙,孟潼/小月
903,左一平,454,破墙,孟潼/小月
2950,黄思惟,454,破墙,薛临
961,林大钦,454,破墙,薛临
572,施天玮,454,破墙,薛临
2952,王凌毅,454,破墙,薛临
1399,张铎,454,破墙,薛临
1625,周宇杰,454,破墙,薛临
284,陈旭,454,破墙,薛临
1020,杜钇樵,454,破墙,薛临
899,张烜尔,454,破墙,薛临
1971,钟嘉媚,454,破墙,薛临
3882,冷寒,454,破墙,沈亮
3883,李星葆,454,破墙,沈亮
676,许放星,454,破墙,沈亮
1080,钟子崴,454,破墙,沈亮
2451,周一男,454,破墙,沈亮
666,诸葛北辰,454,破墙,沈亮
3587,陈思宇,454,破墙,沈亮
3157,孙说,454,破墙,沈亮
3219,乌丽雅苏,454,破墙,沈亮
3888,丁杰,100,等你爱我,邱晨
3889,龚五岳,100,等你爱我,董冲
3885,岳士涵,100,等你爱我,董冲
3745,张一雅琦,100,等你爱我,韩爽
3890,张柠薏,100,等你爱我,韩爽
3891,王珊,100,等你爱我,葛婷婷
3892,彭熙熙,100,等你爱我,葛婷婷
3884,赵曼竹,100,等你爱我,孙扬扬
3747,李然,100,等你爱我,孙扬扬
3893,黄炎,100,等你爱我,孙扬扬
3894,李泊凡,100,等你爱我,小范
3895,战翼斌,100,等你爱我,小范
3896,乔宇,100,等你爱我,小谢
3897,林泽贤,100,等你爱我,小谢
3898,拉聪,100,等你爱我,舞蹈
3899,祁晴,100,等你爱我,舞蹈
3900,王尼尼,100,等你爱我,舞蹈
1236,王智威,33,致爱,付平安
3558,黄轶,55,道林格雷的画像,布兰登夫人
3208,邓茹月,429,面·具,林薇
3491,沈俊池,429,面·具,林薇
3915,林晓峰,114,雄狮少年,咸鱼强
3916,陈冠铿,114,雄狮少年,阿猫
3917,文斐扬,114,雄狮少年,阿狗
3918,曾昊晴,114,雄狮少年,娟然
3919,徐沛,74,月亮与六便士,查尔斯
3920,正思思,74,月亮与六便士,艾米&老板娘
3921,陈曦,74,月亮与六便士,威廉&斯特里夫
3922,金鑫,74,月亮与六便士,布兰琪&爱塔
860,李玉言,456,龙虎武师,雏鸟
1846,武冠辰,456,龙虎武师,雏鸟
856,杨宇威,456,龙虎武师,阿龙
859,张毅凯,456,龙虎武师,阿虎
2648,巴文豪,456,龙虎武师,张大根
1849,李金城,456,龙虎武师,张大根
1588,刘禹彤,358,她对此感到厌烦,辛西娅
3572,高崇,358,她对此感到厌烦,辛西娅
3925,陈子宁,459,弦歌,陈君
1926,谢金格,358,她对此感到厌烦,罗纳德
3933,张赫煊,457,仙症,王战团
3934,郁可唯,457,仙症,秀玲
2149,刘依萍,457,仙症,秀玲
1410,高品,457,仙症,沈洋
3935,张觉一,457,仙症,沈洋
620,米晨晨,457,仙症,王海鸥
3936,王貝尔,457,仙症,王海鸥
3937,多亮,457,仙症,李广源
2158,钱可欣,457,仙症,赵老师
3295,应忆俊,457,仙症,赵老师
2216,杨闫乐,457,仙症,沈和平
3452,廖乐夫,457,仙症,沈和平
1577,于洋,457,仙症,沈余红
3938,李婷婷,457,仙症,沈余红
3939,姚岚,457,仙症,沈皇姑
2025,袁梦轩,457,仙症,Ensemble
624,徐天戈,457,仙症,Ensemble
2485,蒋一达,457,仙症,Ensemble
3940,张浔,457,仙症,Ensemble
3941,谢知恬,457,仙症,Ensemble
3942,周奕帆,457,仙症,Ensemble
3943,晓乔儿,457,仙症,Ensemble
2950,黄思惟,67,嗜血博士,爱德华
21,林润欣,459,弦歌,阿玖
3978,丁浩原,459,弦歌,林老师
2452,罗晓筱,459,弦歌,雯雯
3501,魏忠杰,459,弦歌,陈君
3845,盛嘉怡,459,弦歌,娜娜
901,井彦乔,459,弦歌,齐越
3949,程亦凡,10,FLAMES火焰,梅瑞狄斯
3861,魏文隆,397,Roulette轮盘,Envy
3667,邱诒轩,397,Roulette轮盘,Pride
3855,秦雨晨,460,太空游泳池,雨生
3960,李盈莹,460,太空游泳池,卡利斯塔
3961,明慧,460,太空游泳池,木头
3962,许衣诺,460,太空游泳池,小布
3963,雷雅涵,460,太空游泳池,阿利
3636,黄若鸣,460,太空游泳池,凯文
828,张智伟,324,命运之上,Johnny
3859,刘栖子,324,命运之上,Shirley
3596,马啸,324,命运之上,路西法
3854,黄安果,324,命运之上,Johnny
264,相征,23,Little Jack小杰克,Jack
3190,刘恒瑜,23,Little Jack小杰克,Julie
684,吴杭律,453,玩偶,许忆
290,钱安琪,453,玩偶,许忆
993,刘朱烨,155,乌鸦,特瑞斯
608,邓欣锐,373,宝玉,有缘人/薛蟠
3759,高源,378,流星之绊,高正
3756,邓文篪,378,流星之绊,高正
2746,应雨宸,461,女王养老手册,李千千
3964,胡可女,461,女王养老手册,陆欣妍
3965,张龄尹,461,女王养老手册,沈雨墨
285,刘乙萱,450,此生必驾,安新荣
3054,皮云赫,450,此生必驾,蒋向阳
2835,韦岸,431,红莲,日值差使
666,诸葛北辰,431,红莲,月值差使
1665,徐丽东,94,谋杀歌谣,Sara
858,曾鑫,424,THRILL ME,Richard
3966,林子皓,424,THRILL ME,Nathan
223,徐杭,68,女神在看,石头
3267,叶筱玮,68,女神在看,蝎子
473,郭耀嵘,22,人间失格,恒子
858,曾鑫,445,东南望,陈启耀
1667,郑涵一,414,奇美拉,于贝
288,王洁璐,414,奇美拉,林若南
1171,王竞琦,414,奇美拉,窥梦人
290,钱安琪,23,Little Jack小杰克,Julie
17,郑棋元,462,狂飙,高启强
30,刘令飞,462,狂飙,高启强
712,高雨晨,462,狂飙,安欣
756,姜崃,462,狂飙,安欣
271,丁臻滢,462,狂飙,陈书婷
1262,毋子玥,462,狂飙,陈书婷
261,郭嘉轩,462,狂飙,高启盛
2872,王瑞,462,狂飙,高启盛
676,许放星,462,狂飙,李响
2527,侯俊羽,462,狂飙,李响
213,傅祥安,462,狂飙,李响
1926,谢金格,459,弦歌,雯雯
3979,刘乐,459,弦歌,娜娜
480,于晓璘,463,一尊还酹江月,孙权
345,祝颂皓,463,一尊还酹江月,孙权
1410,高品,463,一尊还酹江月,孙权
481,王培杰,463,一尊还酹江月,周瑜
269,徐昊,463,一尊还酹江月,周瑜
24,胡超政,463,一尊还酹江月,周瑜
189,陈治佐,463,一尊还酹江月,陆逊/陆康
3982,边宇林,463,一尊还酹江月,陆逊/陆康
3983,刘岳,463,一尊还酹江月,刘备/孙策
285,刘乙萱,431,红莲,红莲
715,周惠怡,431,红莲,钵里公主
2835,韦岸,103,梦微之,元积
976,薛钦元,454,破墙,薛临
1697,刘子赫,454,破墙,沈亮
3980,王铃川,410,渡河，渡河,桃桃
2150,张力夫,410,渡河，渡河,越冬
3234,郭之阳,410,渡河，渡河,越冬
345,祝颂皓,424,THRILL ME,Richard
3977,陈名豪,445,东南望,陈启耀
3984,曾思,445,东南望,林若然
2169,卢翰林,119,TRACE U,启夏
270,王瀚宇,119,TRACE U,庭宇
467,钟嘉诚,119,TRACE U,启夏
3572,高崇,324,命运之上,Shirley
3158,蓝浩,99,德米安,辛克莱
677,廖婧媛,99,德米安,辛克莱
3754,龙一豪,99,德米安,辛克莱
290,钱安琪,99,德米安,辛克莱
1159,强东玥,99,德米安,辛克莱
1626,许昌泰,99,德米安,辛克莱
1172,胥子含,99,德米安,辛克莱
2097,陈檀雅,99,德米安,德米安
300,田野,99,德米安,德米安
320,叶嘉雯,99,德米安,德米安
1918,尤宣程,99,德米安,德米安
1173,苗梦初,384,花木兰,花木兰
2728,黄赫鹏,384,花木兰,贺将军
3985,卢静,464,浮生如梦,女主
3986,唐莉佳,464,浮生如梦,女主
3987,曾艾佳,464,浮生如梦,女主
511,陈恬,389,海雾,PB
3382,杨依泠,389,海雾,Jo
3246,张雨桐,389,海雾,Jo
3570,林钇欣,389,海雾,PB
2097,陈檀雅,389,海雾,Jo
3457,黎玥杉,389,海雾,PB
3185,程晨,389,海雾,PB
3382,杨依泠,394,印刻IN CLAY,卡司
1189,马海生,129,第一次约会,亚伦
3248,劳其森,129,第一次约会,亚伦
357,年蔓婷,129,第一次约会,凯茜
698,王壹,129,第一次约会,酒吧老板
3759,高源,129,第一次约会,盖比
3631,胡杨玉,129,第一次约会,雷吉
4006,王译萱,129,第一次约会,艾莉森
3700,雕雕,129,第一次约会,劳伦
3754,龙一豪,67,嗜血博士,爱德华
3405,林子兴,67,嗜血博士,乔纳森
750,江东旭,467,倏忽白马,苏和
970,韩佳旭,467,倏忽白马,苏和
3883,李星葆,467,倏忽白马,白马
3563,黎濮宁,467,倏忽白马,白马
3567,陈佳艺,103,梦微之,白居易
3563,黎濮宁,103,梦微之,白居易
4021,庄宇豪,103,梦微之,白居易
3048,王晨旭,103,梦微之,元稹
3861,魏文隆,103,梦微之,元稹
3509,张子扬,103,梦微之,元稹
3597,陈万鑫,103,梦微之,元稹
290,钱安琪,454,破墙,孟潼/小月
3158,蓝浩,401,The Last Man 幸存者,幸存者
1159,强东玥,401,The Last Man 幸存者,幸存者
1697,刘子赫,401,The Last Man 幸存者,幸存者
476,李磊,401,The Last Man 幸存者,幸存者
897,蔡馨怡,401,The Last Man 幸存者,幸存者
4035,范芑涵,393,六个说谎的大学生,波多野芳惠
4036,高飞,373,宝玉,王熙凤/有缘人
3457,黎玥杉,410,渡河，渡河,桃桃
2006,陈诗,470,邦尼帮你,方崇心
3201,黄圣淇,470,邦尼帮你,方崇心
4042,乐宸,470,邦尼帮你,方崇心
826,李存贤,470,邦尼帮你,方崇心
604,梁汉,470,邦尼帮你,方崇心
262,舒杨,470,邦尼帮你,方崇心
1032,王浩楠,470,邦尼帮你,方崇心
1411,刘丁松,470,邦尼帮你,奇幻
4043,钱琪超,470,邦尼帮你,奇幻
3384,孙义清,470,邦尼帮你,奇幻
264,相征,470,邦尼帮你,奇幻
4044,小宝,470,邦尼帮你,奇幻
4045,张佑臣,470,邦尼帮你,奇幻
305,钱蒙楠,424,THRILL ME,Richard
2876,褚威,424,THRILL ME,Richard
2421,徐磊,472,出走,徐静
776,杜鑫艳,472,出走,徐静
1611,田水,472,出走,徐静
274,张沁丹,472,出走,风
275,申霓,472,出走,风
684,吴杭律,472,出走,风
775,丁辰西,472,出走,风
284,陈旭,472,出走,阳阳/李姐
2012,刘羿含,472,出走,阳阳/李姐
4052,葛瑞辰,472,出走,阳阳/李姐
2020,王珏语涵,472,出走,阳阳/李姐
626,王明怡,472,出走,林林
1159,强东玥,472,出走,林林
3185,程晨,472,出走,林林
777,孙礼杰,472,出走,小王/丈夫
3239,蒲铖,472,出走,小王/丈夫
607,张腾,472,出走,小王/丈夫
507,张玮伦,472,出走,小王/丈夫
511,陈恬,473,秘密花园,艾米&玛丽
3185,程晨,473,秘密花园,艾米&玛丽
287,陈玉婷,473,秘密花园,艾米&玛丽
21,林润欣,473,秘密花园,黛娜&玛莎
4054,张琦,473,秘密花园,黛娜&玛莎
1190,覃一凡,473,秘密花园,黛娜&玛莎
1398,孙天宇,473,秘密花园,查理&科林
977,赵奕然,473,秘密花园,查理&科林
238,赵钱龙,473,秘密花园,查理&科林
1306,张博俊,473,秘密花园,比尔&迪肯
476,李磊,473,秘密花园,比尔&迪肯
3159,吴盛祥,473,秘密花园,比尔&迪肯
1779,庞东轩,473,秘密花园,比尔&迪肯
3584,陈博石,264,我要你,伟桥/吉米
4059,庞栗,422,无刃之镜,沈墨舟
3808,田宇航,422,无刃之镜,李保
4060,袁奕鹏,422,无刃之镜,李保
4061,蔡蕊泽,422,无刃之镜,董钰知
3596,马啸,259,当你心动时,叶白
3521,陈昭如,259,当你心动时,露露
3594,潘彦如,259,当你心动时,小白
603,李卓远,383,时光花舍,穆阳
3364,郭洋坤,383,时光花舍,穆阳
4062,陈麒好,383,时光花舍,胡玉兰/奶奶
763,冯鑫垚,383,时光花舍,胡玉兰/奶奶
4063,刘婷秀,383,时光花舍,方菡
4064,袁益彬,383,时光花舍,穆晓蕊
3266,周崇祥,322,星图,江清源
1169,赵嘉恒,322,星图,江清源
4065,王韬翔,322,星图,孔繁星
3520,曹闻放,322,星图,孔繁星
4066,王房嘉,322,星图,叶思源
4067,杨景予,322,星图,戴望星
4068,杨若涵,322,星图,戴望星
4069,永康,322,星图,多功能
4070,杨思鑫,322,星图,多功能
1902,张心心,451,四十天,楚千朵
3209,唐子晗,207,无人岛,浩宇
2639,陈壬权,207,无人岛,浩宇
1089,高旭,207,无人岛,佳贤
3604,王喆,207,无人岛,小亚
895,万钰彬,207,无人岛,小亚
2571,张力升,207,无人岛,小亚
3758,王泽辉,207,无人岛,小亚
4062,陈麒好,451,四十天,蒙淑仪
1768,刘晓燕,475,莉迪亚,莉迪亚
4074,卢明蔚,475,莉迪亚,莉迪亚
907,沈恬,475,莉迪亚,简
785,孙澜月,475,莉迪亚,简
4075,曲羿成,475,莉迪亚,皮特
2034,林瀚青,475,莉迪亚,皮特
3631,胡杨玉,475,莉迪亚,皮特
4076,钟雨珊,475,莉迪亚,简
4077,欧阳嘉文,475,莉迪亚,皮特
350,马学良,369,长安十二时辰,闻无忌
3295,应忆俊,405,青春之歌,卢嘉川
1029,潘蕾蕾,405,青春之歌,白丽萍
4136,张艺,388,鼓浪之声,王淑贤
95,夏振凯,476,心安东坡,苏东坡
4093,方丽歌,476,心安东坡,王弗
4094,廖裕文,476,心安东坡,章惇
4095,樊哲希,476,心安东坡,张中
4096,耿伟,476,心安东坡,苏过
4097,陈亚楠,476,心安东坡,小灵
4098,吴懿炫,476,心安东坡,姜唐佐
4099,刘乃枫,476,心安东坡,董才
4100,亓寅峰,476,心安东坡,赵梦得
4101,郑云泽,476,心安东坡,青/中年苏轼
4102,陶诗虎,476,心安东坡,青/中年章惇
4103,高世凯,476,心安东坡,多功能演员
4104,韩宝玮,476,心安东坡,多功能演员
4105,赵媛,476,心安东坡,多功能演员
4106,左炜,476,心安东坡,章惇
2479,李想,476,心安东坡,董才
281,蒋倩如,476,心安东坡,王弗
1768,刘晓燕,476,心安东坡,小灵
4107,魏然,476,心安东坡,苏过
4108,李佳朋,476,心安东坡,张中
4109,章宇豪,476,心安东坡,青/中年苏轼
4115,王建勇,477,李有才板话,李有才
4116,毋静,477,李有才板话,槐花
4117,王建军,477,李有才板话,老杨同志
258,郑艺彬,76,阴天,金祐镇
270,王瀚宇,76,阴天,金祐镇
682,邵立君,76,阴天,金祐镇
775,丁辰西,76,阴天,尹心惪
474,马小乔,76,阴天,尹心惪
1304,白倬铭,76,阴天,神秘男子
3267,叶筱玮,76,阴天,神秘男子
288,王洁璐,76,阴天,尹心惪
1254,谭维维,478,雌雄,沈不疑
1173,苗梦初,478,雌雄,沈不疑
1307,刘岩,478,雌雄,聂律师
36,马添龙,478,雌雄,聂律师
3759,高源,103,梦微之,元稹
1401,铭亮,448,六点下班,张万保
4122,朱珠,479,莫比乌斯环,安眠
4123,马昀楚,479,莫比乌斯环,妈妈
4124,苏恒暄,479,莫比乌斯环,南柯
3159,吴盛祥,155,乌鸦,泽罗
4127,孙超屹,467,倏忽白马,苏和
4128,雷昊汶,467,倏忽白马,白马
1674,余笛,471,嘉木入尘烟,陆羽
298,刘官卫,471,嘉木入尘烟,陆羽
281,蒋倩如,471,嘉木入尘烟,高五娘
1257,代玮,471,嘉木入尘烟,皎然
2639,陈壬权,471,嘉木入尘烟,皎然
354,魏虎虎,471,嘉木入尘烟,张志和
2746,应雨宸,471,嘉木入尘烟,李季兰
291,刘晓,471,嘉木入尘烟,李季兰
242,丁伟,471,嘉木入尘烟,智积禅师
482,朱微之,480,新贵,李K
470,杨皓晨,480,新贵,李K
1779,庞东轩,480,新贵,李K
2138,浦弘斐,480,新贵,李K
267,胡迪,480,新贵,李K
713,赵毅劼,480,新贵,李K
105,刘一谷,480,新贵,张衡
3234,郭之阳,480,新贵,张衡
4129,尚杭,480,新贵,张衡
3575,俞烁天,480,新贵,张衡
2150,张力夫,480,新贵,张衡
478,夏阳,480,新贵,张衡
288,王洁璐,480,新贵,阿旭
3257,许佳露,480,新贵,阿旭
1318,徐郑凯伊,480,新贵,阿旭
4130,章允蓝,480,新贵,阿旭
579,洪果,480,新贵,阿旭
290,钱安琪,480,新贵,阿旭
897,蔡馨怡,480,新贵,阿旭
2901,胡星瑞,480,新贵,黛安娜
291,刘晓,480,新贵,黛安娜
3292,李季,480,新贵,黛安娜
4131,付爽,480,新贵,黛安娜
3156,刘昱含,480,新贵,黛安娜
3949,程亦凡,480,新贵,黛安娜
1327,何若水,480,新贵,黛安娜
4135,陈松伶,472,出走,徐静
1126,陈姝月,472,出走,林林
841,曹牧之,482,开膛手杰克,艾柏林
498,纪晓坤,482,开膛手杰克,艾柏林
430,江泽辰,482,开膛手杰克,艾柏林
756,姜崃,482,开膛手杰克,艾柏林
961,林大钦,482,开膛手杰克,艾柏林
968,王逸飞,482,开膛手杰克,艾柏林
299,顾易,482,开膛手杰克,查尔斯
956,李珏,482,开膛手杰克,查尔斯
476,李磊,482,开膛手杰克,查尔斯
963,刘瀚聪,482,开膛手杰克,查尔斯
429,于滨嘉,482,开膛手杰克,查尔斯
2150,张力夫,482,开膛手杰克,查尔斯
3581,范宇澄,482,开膛手杰克,科明斯基
239,霍泽安,482,开膛手杰克,科明斯基
2446,姜义哲,482,开膛手杰克,科明斯基
3384,孙义清,482,开膛手杰克,科明斯基
957,温升宝,482,开膛手杰克,科明斯基
3587,陈思宇,482,开膛手杰克,玛丽·简
230,黄可,482,开膛手杰克,玛丽·简
3844,黄玫,482,开膛手杰克,玛丽·简
474,马小乔,482,开膛手杰克,玛丽·简
1161,王樵知,482,开膛手杰克,玛丽·简
3475,吴嘉怡,482,开膛手杰克,玛丽·简
1667,郑涵一,482,开膛手杰克,玛丽·简
357,年蔓婷,401,The Last Man 幸存者,幸存者
2097,陈檀雅,401,The Last Man 幸存者,幸存者
605,李信,401,The Last Man 幸存者,幸存者
903,左一平,401,The Last Man 幸存者,幸存者
288,王洁璐,454,破墙,孟潼/小月
683,邓贤凌,454,破墙,薛临
3159,吴盛祥,33,致爱,付平安
1171,王竞琦,149,诗与星,辛辰
3208,邓茹月,149,诗与星,辛辰
3166,韩冰儿,149,诗与星,李月圆
3570,林钇欣,149,诗与星,李月圆
3559,郭美冉,149,诗与星,月娃
320,叶嘉雯,149,诗与星,月娃
205,张智涵,483,连载·1978,安宁
4140,桑怀刚,483,连载·1978,安宁
25,徐泽辉,483,连载·1978,穗生
2028,李泽楷,483,连载·1978,穗生
1607,邵玎,483,连载·1978,刘大峰
4141,龙家强,483,连载·1978,刘大峰
223,徐杭,483,连载·1978,小天鹅
4142,韩正阳,483,连载·1978,小天鹅
224,李泽熙,483,连载·1978,阿强
1585,黄晓婕,483,连载·1978,云清
3201,黄圣淇,483,连载·1978,水伯
2029,王尊强,483,连载·1978,水伯
218,刘浩冉,484,她的海,石香姑
1323,叶麒圣,484,她的海,郑一
31,何亮辰,484,她的海,郑一
3720,南枫,484,她的海,郑一
3501,魏忠杰,484,她的海,张保
4144,徐郑凯文,484,她的海,张保
43,陈沁,484,她的海,神婆
1172,胥子含,484,她的海,神婆
3570,林钇欣,484,她的海,石瑶
3716,尼玛雍珠,484,她的海,石瑶
26,胡芳洲,484,她的海,郭婆带
1919,孙之骥,484,她的海,郭婆带
22,庞盛之,484,她的海,丁钾
3471,徐嘉乔,484,她的海,张百龄
2729,黄磊,484,她的海,老七
2174,郑思文,484,她的海,黄旗帮首领
750,江东旭,484,她的海,白旗帮首领
4145,王涛,484,她的海,绿旗帮首领
4146,胥航凯,484,她的海,紫旗帮首领
21,林润欣,484,她的海,石瑶
2150,张力夫,67,嗜血博士,爱德华
1159,强东玥,67,嗜血博士,玛莎
3247,黄玟宇,485,国王游戏,尤安
192,王书琦,485,国王游戏,尤安
301,张旭辰,485,国王游戏,尤安
3749,刘宝仪,485,国王游戏,尤安
3049,王思佳,493,长安大国医,知夏
2950,黄思惟,485,国王游戏,尤安
3609,孙路悦,485,国王游戏,尤安
3572,高崇,485,国王游戏,莫雷亚
1625,周宇杰,485,国王游戏,莫雷亚
3861,魏文隆,485,国王游戏,莫雷亚
3621,杨悦,485,国王游戏,莫雷亚
3383,李宇凡,485,国王游戏,莫雷亚
2110,欧阳乔子,485,国王游戏,莫雷亚
4239,王艺儒,493,长安大国医,素冬
3980,王铃川,485,国王游戏,图鲁克
971,廖城志,485,国王游戏,图鲁克
3567,陈佳艺,485,国王游戏,图鲁克
3219,乌丽雅苏,485,国王游戏,图鲁克
3757,于诗涵,485,国王游戏,图鲁克
3853,任晓璇,485,国王游戏,图鲁克
3072,申昊川,467,倏忽白马,苏和
966,冯文彦,395,雕像,于格
675,遇泓羊,395,雕像,于格
3754,龙一豪,395,雕像,雕像
4156,叶逸腾,486,深夜小酒馆,托尼
4157,黄羽婷,486,深夜小酒馆,阿曼达
4158,邓涵,486,深夜小酒馆,皮特
4159,杨珂,486,深夜小酒馆,安琪
4155,赵子寅,486,深夜小酒馆,麦克斯
467,钟嘉诚,4,我的遗愿清单,杨晓宇
3179,邱俊阳,4,我的遗愿清单,杨晓宇
3581,范宇澄,4,我的遗愿清单,刘宝
2170,叶宇锋,4,我的遗愿清单,刘宝
4160,张煦晗,317,大江东去,农妇
4161,汪子荷,242,南孔,孔柳
4162,杨佳彬,242,南孔,孔端友
775,丁辰西,481,西尔莎号,玛丽（马克）
285,刘乙萱,481,西尔莎号,玛丽（马克）
275,申霓,481,西尔莎号,玛丽（马克）
3382,杨依泠,481,西尔莎号,玛丽（马克）
771,赵嘉艳,481,西尔莎号,玛丽（马克）
1159,强东玥,481,西尔莎号,安妮
894,田梦,481,西尔莎号,安妮
320,叶嘉雯,481,西尔莎号,安妮
274,张沁丹,481,西尔莎号,安妮
280,赵雨卉,481,西尔莎号,安妮
466,郭亢,481,西尔莎号,杰克
3384,孙义清,481,西尔莎号,杰克
751,吴以瀚,481,西尔莎号,杰克
3207,翟李朔天,481,西尔莎号,杰克
350,马学良,481,西尔莎号,罗杰斯&特恩里
3495,朱冠霖,481,西尔莎号,罗杰斯&特恩里
4163,赵悦程,481,西尔莎号,罗杰斯&特恩里
981,张鑫澳,207,无人岛,佳贤
3566,陈近东,207,无人岛,佳贤
2282,樊哲,207,无人岛,浩宇
1780,朱羿达,207,无人岛,浩宇
1625,周宇杰,207,无人岛,浩宇
971,廖城志,207,无人岛,小亚
666,诸葛北辰,207,无人岛,小亚
4175,于海洋,487,我那长乐塬,章冠一
4176,张弛,487,我那长乐塬,田晓云
3102,傅希如,487,我那长乐塬,田大军
4177,金大全,487,我那长乐塬,郑国兴
4178,袁帅,487,我那长乐塬,赵泰安
4179,冯磊,487,我那长乐塬,德叔
4180,庞海鹏,487,我那长乐塬,王阿四
4181,胡歌,487,我那长乐塬,素芬
4182,张云,487,我那长乐塬,英妹
4183,张鑫,487,我那长乐塬,警察
4184,王垚,487,我那长乐塬,大军妻
4185,马少峰,487,我那长乐塬,医生
4186,马建美,487,我那长乐塬,护士
4187,马琳,487,我那长乐塬,接生大嫂
4188,王芳,487,我那长乐塬,技术女工
666,诸葛北辰,14,小说,怀特·希斯曼
3604,王喆,14,小说,休·戴克
4042,乐宸,397,Roulette轮盘,Poe
3604,王喆,397,Roulette轮盘,Poe
479,曹珺,397,Roulette轮盘,Poe
3355,黄子俊,397,Roulette轮盘,Poe
3189,石恩知,397,Roulette轮盘,Agatha
2042,谭睿蕾,397,Roulette轮盘,Agatha
3454,强雯,397,Roulette轮盘,Agatha
4189,唐铭,397,Roulette轮盘,Doyle
970,韩佳旭,397,Roulette轮盘,Doyle
3509,张子扬,397,Roulette轮盘,Doyle
301,张旭辰,397,Roulette轮盘,Doyle
687,陈博翰,397,Roulette轮盘,Pride
2906,张皓星,397,Roulette轮盘,Pride
4190,安文蓓,397,Roulette轮盘,Pride
1898,张弋,397,Roulette轮盘,Pride
3691,李岩,397,Roulette轮盘,Lust
3758,王泽辉,397,Roulette轮盘,Lust
4191,张贻杰,397,Roulette轮盘,Lust
4192,兰陈龙,397,Roulette轮盘,Envy
4193,罗翊轩,397,Roulette轮盘,Greed
3578,段舒扬,397,Roulette轮盘,Greed
4052,葛瑞辰,397,Roulette轮盘,Greed
24,胡超政,115,星期三,Hans
758,邵奕磊,115,星期三,Hans
844,王天择,115,星期三,Hans
977,赵奕然,115,星期三,Hans
261,郭嘉轩,115,星期三,Herman
267,胡迪,115,星期三,Herman
270,王瀚宇,115,星期三,Herman
762,吕润桐,115,星期三,Anna
1504,宁梦恬,115,星期三,Anna
20,余思冉,115,星期三,Anna
712,高雨晨,115,星期三,Jonas
842,郝李英杰,115,星期三,Jonas
3366,何严浩,115,星期三,Jonas
681,李政绪,115,星期三,Jonas
2012,刘羿含,115,星期三,Mary
1769,王款儿,115,星期三,Mary
3238,陈蕴,15,桑塔露琪亚,Stevie
2537,张家祺,15,桑塔露琪亚,Chi Chi
2876,褚威,15,桑塔露琪亚,Chi Chi
2170,叶宇锋,15,桑塔露琪亚,Chi Chi
3367,赵轩民,15,桑塔露琪亚,Sonny Boy
675,遇泓羊,452,奥尔菲斯,比尔
1854,陈皓楠,378,流星之绊,高正
3174,叶锐,378,流星之绊,高景行
3317,方兴瑞芸,378,流星之绊,小静
1118,刘鑫,378,流星之绊,李泰辅
4195,胡杨天戈,378,流星之绊,原康孝
4075,曲羿成,488,Ash亚斯,Ash
4199,李梓鹏,488,Ash亚斯,Pete
4074,卢明蔚,488,Ash亚斯,Lydia
1768,刘晓燕,488,Ash亚斯,Lydia
4200,蹇佳成,488,Ash亚斯,William
2622,冯镝霏,489,那就返场！,江昱
3128,朱礼顺,489,那就返场！,江昱
1918,尤宣程,489,那就返场！,江昱
3457,黎玥杉,489,那就返场！,江昱
3584,陈博石,489,那就返场！,江昱
4205,程诗若,489,那就返场！,陈念安
2835,韦岸,489,那就返场！,陈念安
2901,胡星瑞,489,那就返场！,陈念安
3560,宋苞涵,489,那就返场！,陈念安
3563,黎濮宁,489,那就返场！,陈念安
307,罗玉玲,489,那就返场！,李时愿
3568,汤楷,489,那就返场！,李时愿
828,张智伟,489,那就返场！,李时愿
3621,杨悦,489,那就返场！,李时愿
1863,徐蜜聪,489,那就返场！,李时愿
4189,唐铭,15,桑塔露琪亚,Stevie
3158,蓝浩,14,小说,格雷·亨特
2639,陈壬权,14,小说,怀特·希斯曼
4212,吴宣仪,484,她的海,石香姑
1431,潘艺贤,77,#0528,中介
4213,张尔希,77,#0528,多功能人
205,张智涵,77,#0528,Eggy
258,郑艺彬,77,#0528,Brandon
841,曹牧之,77,#0528,Brandon
1304,白倬铭,77,#0528,Eggy
4214,马安澜,77,#0528,多功能人
4215,高婧,77,#0528,多功能人
3940,张浔,397,Roulette轮盘,Lust
4216,张博航,397,Roulette轮盘,Envy
4217,熊雨辰,397,Roulette轮盘,Greed
4218,张逸伦,397,Roulette轮盘,Envy
4219,房志硕,397,Roulette轮盘,Pride
3757,于诗涵,397,Roulette轮盘,Envy
4220,周子禹,397,Roulette轮盘,Greed
3394,徐晨曦,397,Roulette轮盘,Agatha
863,唐浩瑜,397,Roulette轮盘,Doyle
3679,朱媛媛,397,Roulette轮盘,Greed
682,邵立君,94,谋杀歌谣,Michael
106,许乐,491,阳光之下,Klabb
3668,赵周权,491,阳光之下,Klabb
983,曾阵,491,阳光之下,Klabb
1849,李金城,491,阳光之下,Seren
4223,刘辉宇,491,阳光之下,Seren
1846,武冠辰,491,阳光之下,Seren
2648,巴文豪,491,阳光之下,Veghia
4224,李京,491,阳光之下,Veghia
4230,李永曜,434,暗夜阳光,马尔科
2950,黄思惟,395,雕像,雕像
4043,钱琪超,395,雕像,雕像
4231,招志恒,488,Ash亚斯,Ash
972,杨博皓,488,Ash亚斯,William
3576,孟爽,492,不雨,白松
474,马小乔,492,不雨,白松
1504,宁梦恬,492,不雨,白松
288,王洁璐,492,不雨,白松
3382,杨依泠,492,不雨,白松
1667,郑涵一,492,不雨,白松
3185,程晨,492,不雨,黎槿
1126,陈姝月,492,不雨,黎槿
3521,陈昭如,492,不雨,黎槿
684,吴杭律,492,不雨,黎槿
2365,许诗翊,492,不雨,黎槿
4235,杨文霏,492,不雨,黎槿
1171,王竞琦,492,不雨,黎辛
2020,王珏语涵,492,不雨,黎辛
626,王明怡,492,不雨,黎辛
3394,徐晨曦,492,不雨,黎辛
3246,张雨桐,492,不雨,黎辛
968,王逸飞,393,六个说谎的大学生,袴田亮
1032,王浩楠,393,六个说谎的大学生,森久保公彦
4236,周铁男,493,长安大国医,黄奇宝
622,奇煜,493,长安大国医,黄奇宝
3580,林墨,493,长安大国医,苏郁
16,金圣权,493,长安大国医,苏郁
672,文邺辰,493,长安大国医,苏郁
257,高杨,493,长安大国医,白玉竹
269,徐昊,493,长安大国医,白玉竹
219,李梓溪,493,长安大国医,虫娘
1262,毋子玥,493,长安大国医,虫娘
620,米晨晨,493,长安大国医,虫娘
3467,韩涵,493,长安大国医,玄宗
42,吴勃臻,493,长安大国医,玄宗
2440,华英杰,493,长安大国医,启玄子
104,黄天宇,493,长安大国医,启玄子
2484,郭毕东,493,长安大国医,白守仁
2829,韩志贤,493,长安大国医,白守仁
3303,邹宇昂,493,长安大国医,陆成音
147,周国帅,493,长安大国医,陆成音
2896,白子涵,493,长安大国医,玉辰子/晒盐郎
3054,皮云赫,493,长安大国医,玉辰子/晒盐郎
3465,李纪柯,493,长安大国医,玉衡子/帅茶商
624,徐天戈,493,长安大国医,玉衡子/帅茶商
3225,方凌,493,长安大国医,苏发/戍边将
3497,夏一轩,493,长安大国医,苏发/戍边将
4238,王梓屹,493,长安大国医,状元郎
3416,王者风,493,长安大国医,状元郎
2767,马凯漪,493,长安大国医,听春
3106,胡紫熙,493,长安大国医,听春
4241,孔淦平,493,长安大国医,知夏
4240,林虹言,493,长安大国医,念秋
3603,杨乐怡,493,长安大国医,念秋
2169,卢翰林,83,危险游戏,内森
756,姜崃,83,危险游戏,理查德
1625,周宇杰,431,红莲,日值差使
257,高杨,474,狐说臣与仙,留仙
711,宗俊涛,474,狐说臣与仙,留仙
550,李炜鹏,474,狐说臣与仙,留仙
269,徐昊,474,狐说臣与仙,剑臣
37,李宸希,474,狐说臣与仙,剑臣
4225,李小萌,474,狐说臣与仙,芸娘
384,喻越越,474,狐说臣与仙,芸娘
1538,党韫葳,474,狐说臣与仙,芸娘
33,潘杭苇,474,狐说臣与仙,芸娘
178,郝晓辉,474,狐说臣与仙,树百
1263,桑云龙,474,狐说臣与仙,树百
1506,王嘉,474,狐说臣与仙,树百
174,周默涵,474,狐说臣与仙,羊公子
3300,焉栩嘉,474,狐说臣与仙,羊公子
3085,李晨源,474,狐说臣与仙,羊公子
3587,陈思宇,474,狐说臣与仙,纪小姐
1258,袁子玉,474,狐说臣与仙,纪小姐
289,周文嘉,474,狐说臣与仙,纪小姐
3370,吴冠锋,474,狐说臣与仙,羊有裕
1706,席同歌,474,狐说臣与仙,羊有裕
1259,王琳瑶,474,狐说臣与仙,青霞
2053,肖颖婕,474,狐说臣与仙,青霞
4244,张曦匀,474,狐说臣与仙,青霞
1516,李思阳,474,狐说臣与仙,小狐仙
4245,张乐瑶,474,狐说臣与仙,小狐仙
4246,李卿源,474,狐说臣与仙,夜叉
4247,徐亦澄,474,狐说臣与仙,夜叉
1404,高天鹤,478,雌雄,公诉人
1539,卞佳平,478,雌雄,公诉人
3075,苏锡凡,478,雌雄,公诉人
550,李炜鹏,478,雌雄,聂律师
1257,代玮,494,蓝关雪,天青
257,高杨,494,蓝关雪,天青
3102,傅希如,494,蓝关雪,玄青
3104,张宏伟,494,蓝关雪,白喜祥
763,冯鑫垚,494,蓝关雪,樱草
286,湛嘉丽,494,蓝关雪,樱草
772,陈棋尔,494,蓝关雪,绣帘
3107,周洁旭,494,蓝关雪,绣帘
2896,白子涵,494,蓝关雪,陈少湖
1508,王靖棋,494,蓝关雪,陈少湖
607,张腾,494,蓝关雪,焦德利
44,樊苏颐,483,连载·1978,云清
4156,叶逸腾,495,灵魂之夜,Tony
4256,王新然,495,灵魂之夜,Tony
4157,黄羽婷,495,灵魂之夜,Amanda
4257,葛淋淋,495,灵魂之夜,Amanda
4158,邓涵,495,灵魂之夜,Peter
4159,杨珂,495,灵魂之夜,Angel
4258,崔熠帆,495,灵魂之夜,Angel
4155,赵子寅,495,灵魂之夜,Max
4259,李语辰,495,灵魂之夜,群舞
4260,毛梦怡,495,灵魂之夜,群舞
4261,王可,495,灵魂之夜,群舞
4262,张婧婧,495,灵魂之夜,群舞
4266,王艺璇,495,灵魂之夜,群舞
4263,张一格,495,灵魂之夜,群舞
4264,陈思羽,495,灵魂之夜,群舞
4265,冯诗琪,495,灵魂之夜,群舞
1080,钟子崴,488,Ash亚斯,Pete
2034,林瀚青,488,Ash亚斯,Pete
3631,胡杨玉,488,Ash亚斯,Pete
785,孙澜月,488,Ash亚斯,Lydia
3606,彭智宇,314,画中人,洛川
3509,张子扬,314,画中人,洛川
2283,王佑名,314,画中人,赤珣
1416,杨璐,317,大江东去,王闰之
4272,采飞扬,496,古灵酒吧之宿醉指南,蔻三娘
4273,刘璟暄,496,古灵酒吧之宿醉指南,莲香
4274,安芷萱,496,古灵酒吧之宿醉指南,李氏
4275,李思嘉,496,古灵酒吧之宿醉指南,蒲小灵
1538,党韫葳,497,椒花颂声,上官婉儿
1171,王竞琦,497,椒花颂声,上官婉儿
4291,王婉娜,497,椒花颂声,上官婉儿
97,蔡忻如,497,椒花颂声,太平公主
472,冯远,497,椒花颂声,太平公主
894,田梦,497,椒花颂声,太平公主
3072,申昊川,497,椒花颂声,李隆基
3179,邱俊阳,497,椒花颂声,李隆基
4292,濮可扬,497,椒花颂声,李隆基
4293,戴恩绪,497,椒花颂声,长童
3854,黄安果,380,幽灵,Teddy
27,殷浩伦,380,幽灵,Alex
905,黄浦申,380,幽灵,David
4306,陈淼淼,397,Roulette轮盘,Agatha
1327,何若水,485,国王游戏,图鲁克
4307,刘泽瑞英,485,国王游戏,尤安
3190,刘恒瑜,485,国王游戏,莫雷亚
2482,李科,498,扎西长歌,叶峰
4308,吉萨莎玛,498,扎西长歌,陶细妹
3462,王泽霖,498,扎西长歌,王小川
4309,冷松,498,扎西长歌,陶阿龙
4310,秦一航,498,扎西长歌,政委
4312,杨淳显,498,扎西长歌,陶细妹
384,喻越越,498,扎西长歌,陶细妹
1171,王竞琦,480,新贵,黛安娜
4043,钱琪超,480,新贵,张衡
4313,李泓言,103,梦微之,白居易
4314,涂力丹,190,速记员,沈安娜
1159,强东玥,22,人间失格,祝子
2041,王啸坤,22,人间失格,堀木正雄
2872,王瑞,22,人间失格,堀木正雄
4314,涂力丹,138,长腿叔叔,Jerusha
4315,徐任阳,138,长腿叔叔,Jerusha
3407,聂冰雁,138,长腿叔叔,Jerusha
3405,林子兴,138,长腿叔叔,Jervis
3462,王泽霖,138,长腿叔叔,Jervis
3085,李晨源,138,长腿叔叔,Jervis
3177,琚茂林,499,夜雨他时,苏轼
4214,马安澜,499,夜雨他时,苏轼
2905,亓振源,499,夜雨他时,苏轼
2168,沈育奇,499,夜雨他时,苏轼
4318,汤周睿,499,夜雨他时,苏轼
2835,韦岸,499,夜雨他时,苏轼
896,余镇鳌,499,夜雨他时,苏轼
750,江东旭,499,夜雨他时,苏辙
4319,刘行,499,夜雨他时,苏辙
2169,卢翰林,499,夜雨他时,苏辙
3596,马啸,499,夜雨他时,苏辙
2170,叶宇锋,499,夜雨他时,苏辙
3755,俞霁航,499,夜雨他时,苏辙
824,赵洪博,499,夜雨他时,苏辙
474,马小乔,393,六个说谎的大学生,矢代翼
3559,郭美冉,324,命运之上,拉斐尔
3621,杨悦,324,命运之上,拉斐尔
4320,王泽丰,314,画中人,洛川
3808,田宇航,314,画中人,赤珣
2539,罗明晖,314,画中人,靖元
3668,赵周权,314,画中人,靖元
4021,庄宇豪,17,灯塔,霍普
666,诸葛北辰,17,灯塔,霍普
4321,郑天成,17,灯塔,怀恩
4313,李泓言,17,灯塔,怀恩
4322,常金成,17,灯塔,守塔人
909,薛尚文,17,灯塔,守塔人
3465,李纪柯,17,灯塔,守塔人
4235,杨文霏,378,流星之绊,小静
3117,陈卓,378,流星之绊,高正
171,明家歆,454,破墙,孟潼/小月
3256,谭茜,454,破墙,薛临
3939,姚岚,454,破墙,沈亮
993,刘朱烨,395,雕像,于格
3219,乌丽雅苏,503,ABCD,A
4424,霍烽,136,扬名立万,陆子野
4346,彭真,503,ABCD,A
4347,林雨鑫,503,ABCD,B
3857,张璐,503,ABCD,B
321,卓群,503,ABCD,C
4348,陆淇,503,ABCD,C
4062,陈麒好,503,ABCD,D
233,杨济连,503,ABCD,D
2147,许环亚,504,编号之外：风起,林知瑾
4362,王贝尔,504,编号之外：风起,庄笙
4062,陈麒好,504,编号之外：风起,程婉秋
3255,张贝伊,504,编号之外：风起,川岛音
1706,席同歌,504,编号之外：风起,加藤
4363,王龙宇,504,编号之外：风起,歌队
4364,刘梦涵,504,编号之外：风起,歌队
4365,金唐诗,504,编号之外：风起,歌队
4366,马语彤,504,编号之外：风起,歌队
971,廖城志,14,小说,怀特·希斯曼
1973,刘彬濠,14,小说,格雷·亨特
3248,劳其森,14,小说,格雷·亨特
4367,陈熙镛,14,小说,怀特·希斯曼
3722,黄梓洋,14,小说,怀特·希斯曼
4368,尹溥程,14,小说,休·戴克
684,吴杭律,149,诗与星,辛辰
683,邓贤凌,149,诗与星,李月圆
3567,陈佳艺,505,入傩,钟炎
2639,陈壬权,505,入傩,钟炎
2926,刘君豪,505,入傩,钟炎
3384,孙义清,505,入傩,钟炎
971,廖城志,505,入傩,钟炎
239,霍泽安,505,入傩,葵哥
3854,黄安果,505,入傩,葵哥
862,施博威,505,入傩,葵哥
751,吴以瀚,505,入傩,葵哥
2905,亓振源,505,入傩,葵哥
4369,李雪辉,505,入傩,傩灵
4370,上官俊雄,505,入傩,傩灵
4371,苏佳宝,505,入傩,傩灵
4372,宋岩麟,505,入傩,傩灵
4373,杨柏然,505,入傩,傩灵
478,夏阳,401,The Last Man 幸存者,幸存者
1399,张铎,401,The Last Man 幸存者,幸存者
917,王国栋,401,The Last Man 幸存者,幸存者
4378,陆燃,401,The Last Man 幸存者,幸存者
4379,秦勇,488,Ash亚斯,Ash
3570,林钇欣,378,流星之绊,小静
3159,吴盛祥,378,流星之绊,李功一
3966,林子皓,378,流星之绊,李泰辅
2462,张芷妍,291,东莞东,罗招娣
4380,黄珈鹤,291,东莞东,王雪英
4381,于川淼,291,东莞东,王雪英
4077,欧阳嘉文,291,东莞东,财哥
4382,符斌,291,东莞东,财哥
4383,郑露逸,291,东莞东,王忆遥
4384,苏悦雯,291,东莞东,罗招娣
784,李泽晨,406,梅尔泉,西蒙
297,何铭海,406,梅尔泉,西蒙
2451,周一男,406,梅尔泉,托里
27,殷浩伦,406,梅尔泉,托里
1085,于梦滢,406,梅尔泉,皮皮
4390,唐希璇,506,最后登场,高幸
4391,梁皓智,506,最后登场,大海
4392,魏诗珊,506,最后登场,杨白
3385,廖若彤,507,怨种闺蜜,林若若
2462,张芷妍,507,怨种闺蜜,陈妍
4409,刘茂竹,507,怨种闺蜜,陈妍
3155,李佳骏,480,新贵,张衡
1161,王樵知,489,那就返场！,江昱
3620,杨冰冰,454,破墙,沈亮
3754,龙一豪,14,小说,格雷·亨特
3234,郭之阳,14,小说,格雷·亨特
1656,陈炅明,138,长腿叔叔,Jervis
841,曹牧之,508,三风一树,德厚
430,江泽辰,508,三风一树,德厚
826,李存贤,508,三风一树,德厚
232,吴志军,508,三风一树,德厚
2537,张家祺,508,三风一树,德厚
3285,陈政宇,508,三风一树,子敬
3071,张梁,508,三风一树,子敬
847,朱亮,508,三风一树,子敬
4045,张佑臣,508,三风一树,子敬
1344,陈楷,508,三风一树,武耀
3234,郭之阳,508,三风一树,武耀
2926,刘君豪,508,三风一树,武耀
3119,沈哲祺,508,三风一树,武耀
27,殷浩伦,508,三风一树,武耀
1674,余笛,204,嫌疑人X的献身,汤川学
3296,安吉儿,509,白爪草,苍
683,邓贤凌,509,白爪草,苍
1193,李景卉,509,白爪草,苍
2110,欧阳乔子,509,白爪草,苍
3559,郭美冉,509,白爪草,红
230,黄可,509,白爪草,红
684,吴杭律,509,白爪草,红
3246,张雨桐,509,白爪草,红
1411,刘丁松,510,阿尔贝罗,雅蒂
864,周靖杰,510,阿尔贝罗,雅蒂
482,朱微之,510,阿尔贝罗,雅蒂
479,曹珺,510,阿尔贝罗,安东尼奥
3238,陈蕴,510,阿尔贝罗,安东尼奥
3861,魏文隆,510,阿尔贝罗,安东尼奥
3128,朱礼顺,510,阿尔贝罗,安东尼奥
3242,刘凡滔,510,阿尔贝罗,西普
1019,刘明明,510,阿尔贝罗,西普
3119,沈哲祺,510,阿尔贝罗,西普
3048,王晨旭,510,阿尔贝罗,西普
3818,霍嘉珩,511,麻麻烦烦麻鬼烦,演员
3879,张译丹,314,画中人,洛川
3386,唐晨怡,314,画中人,洛川
3387,唐瑾,314,画中人,赤珣
4415,邱婕薇,314,画中人,赤珣
2810,秦宇星,314,画中人,靖元
1900,刘杨,314,画中人,靖元
971,廖城志,410,渡河，渡河,越冬
1626,许昌泰,207,无人岛,佳贤
577,汤佳明,207,无人岛,浩宇
192,王书琦,207,无人岛,小亚
4418,史文翔,470,邦尼帮你,奇幻
3394,徐晨曦,99,德米安,辛克莱
2006,陈诗,99,德米安,辛克莱
1777,孙一城,99,德米安,德米安
2906,张皓星,378,流星之绊,李泰辅
1167,黄雨蝶,378,流星之绊,小静
189,陈治佐,378,流星之绊,原康孝
3855,秦雨晨,324,命运之上,拉斐尔
138,单冠朝,136,扬名立万,黑衣人
4425,西门远,136,扬名立万,陈小达
473,郭耀嵘,512,简·爱,简·爱
20,余思冉,512,简·爱,简·爱
4426,朱正怀,512,简·爱,简·爱
16,金圣权,512,简·爱,罗切斯特
257,高杨,512,简·爱,罗切斯特
622,奇煜,512,简·爱,罗切斯特
3185,程晨,512,简·爱,海伦&阿黛尔
579,洪果,512,简·爱,海伦&阿黛尔
4427,赵雅祺,512,简·爱,海伦&阿黛尔
482,朱微之,512,简·爱,圣约翰&派洛特
2440,华英杰,512,简·爱,圣约翰&派洛特
3246,张雨桐,512,简·爱,费尔法克斯
1588,刘禹彤,512,简·爱,费尔法克斯
4428,刘霄飞,512,简·爱,勃洛克赫斯特&强尼
979,范杰,512,简·爱,勃洛克赫斯特&强尼
3666,王仕轩,512,简·爱,勃洛克赫斯特&强尼
1701,曹嘉月,512,简·爱,伯莎
3381,杨茗滟,512,简·爱,伯莎
854,朱亚洲,512,简·爱,梅森&约翰
3497,夏一轩,512,简·爱,梅森&约翰
3175,王星雨,512,简·爱,梅森&约翰
2901,胡星瑞,512,简·爱,里德
4429,牛澳菲,512,简·爱,里德
1701,曹嘉月,485,国王游戏,尤安
4430,富芷昕,485,国王游戏,尤安
2165,王炳,485,国王游戏,尤安
686,宋元明,485,国王游戏,莫雷亚
3857,张璐,485,国王游戏,莫雷亚
4292,濮可扬,485,国王游戏,莫雷亚
4431,陈芊冶,485,国王游戏,莫雷亚
4432,李佳乐,485,国王游戏,图鲁克
3293,冯丽冰,485,国王游戏,图鲁克
2158,钱可欣,454,破墙,孟潼/小月
3454,强雯,454,破墙,孟潼/小月
624,徐天戈,454,破墙,薛临
3435,张一铭,454,破墙,沈亮
3772,俞王诗琪,454,破墙,薛临
4065,王韬翔,454,破墙,薛临
1710,刘宇希,454,破墙,沈亮
2767,马凯漪,454,破墙,沈亮
3935,张觉一,454,破墙,沈亮
3690,郑润琦,454,破墙,沈亮
267,胡迪,497,椒花颂声,李隆基
750,江东旭,497,椒花颂声,长童
3587,陈思宇,497,椒花颂声,太平公主
4323,韩煦泽,497,椒花颂声,李隆基
2835,韦岸,17,灯塔,怀恩
3625,王千荥,507,怨种闺蜜,林若若
4237,林忻,507,怨种闺蜜,林若若
4433,邵晗,507,怨种闺蜜,林若若
4382,符斌,488,Ash亚斯,Pete
4077,欧阳嘉文,488,Ash亚斯,Ash
4434,赵一涵,488,Ash亚斯,Lydia
2462,张芷妍,488,Ash亚斯,Lydia
4380,黄珈鹤,488,Ash亚斯,Lydia
4437,陈悟立,513,莫比乌斯,路易斯
3581,范宇澄,513,莫比乌斯,路易斯
3684,林晨玮,513,莫比乌斯,路易斯
3754,龙一豪,513,莫比乌斯,路易斯
478,夏阳,513,莫比乌斯,路易斯
575,徐佳文,513,莫比乌斯,路易斯
3066,朱衍丞,513,莫比乌斯,路易斯
2950,黄思惟,513,莫比乌斯,戴蒙
1779,庞东轩,513,莫比乌斯,戴蒙
3240,肖笛,513,莫比乌斯,戴蒙
1918,尤宣程,513,莫比乌斯,戴蒙
3575,俞烁天,513,莫比乌斯,戴蒙
1399,张铎,513,莫比乌斯,戴蒙
3285,陈政宇,513,莫比乌斯,欧文
2485,蒋一达,513,莫比乌斯,欧文
3232,栾靖宇,513,莫比乌斯,欧文
470,杨皓晨,513,莫比乌斯,欧文
1901,赵云霄,513,莫比乌斯,欧文
2573,张嘉豪,454,破墙,薛临
3411,马黑凯杰,454,破墙,沈亮
4437,陈悟立,313,怪物,里奥
3854,黄安果,313,怪物,韦恩
4438,陈永林,313,怪物,韦恩
854,朱亚洲,505,入傩,钟炎
4439,陈元,328,北上,孙过程
318,潘珏辰,480,新贵,阿旭
21,林润欣,497,椒花颂声,上官婉儿
98,崔秀丽,514,旧讼,周会珍
683,邓贤凌,514,旧讼,周会珍
288,王洁璐,514,旧讼,周会珍
3382,杨依泠,514,旧讼,周会珍
4440,李艾倪,514,旧讼,周会珍
3558,黄轶,514,旧讼,周舒珩
1172,胥子含,514,旧讼,周舒珩
4441,薛淇铭,514,旧讼,周舒珩
280,赵雨卉,514,旧讼,周舒珩
4442,蒋宜庭,514,旧讼,周舒珩
189,陈治佐,514,旧讼,王云生
1176,刘泽星,514,旧讼,王云生
4443,王榕涛,514,旧讼,王云生
4444,杨竣棋,514,旧讼,王云生
3225,方凌,512,简·爱,圣约翰&派洛特
959,董豫辰,470,邦尼帮你,奇幻
828,张智伟,470,邦尼帮你,奇幻
4446,任旭,515,北庭·望长安,郭勣
4451,王兆双,515,北庭·望长安,老年郭勣
4452,李健,515,北庭·望长安,杨忠信
4453,王蓝巧,515,北庭·望长安,苏玛
4454,陈花座,515,北庭·望长安,老年苏玛
4455,阿衣肯·赛买提汗,515,北庭·望长安,阿斯那隼
4456,侯奕抒,515,北庭·望长安,药罗葛·叶（叶公主）
4457,阿不力克木·托合提,515,北庭·望长安,陆天枭
4458,美丽·热资雅,515,北庭·望长安,双儿
3498,陈伟,378,流星之绊,高景行
171,明家歆,476,心安东坡,王弗
604,梁汉,368,杜十娘,李甲
497,陈晓琼,516,荒原,许夕燃
1020,杜钇樵,516,荒原,许夕燃
677,廖婧媛,516,荒原,许夕燃
620,米晨晨,516,荒原,许夕燃
290,钱安琪,516,荒原,许夕燃
1262,毋子玥,516,荒原,许夕燃
3621,杨悦,516,荒原,许夕燃
2639,陈壬权,516,荒原,顾承叙
213,傅祥安,516,荒原,顾承叙
860,李玉言,516,荒原,顾承叙
572,施天玮,516,荒原,顾承叙
895,万钰彬,516,荒原,顾承叙
3239,蒲铖,516,荒原,顾承野
676,许放星,516,荒原,顾承野
1305,张琛,516,荒原,顾承野
294,张琦铭,516,荒原,顾承野
1625,周宇杰,516,荒原,顾承野
4461,张玉浩,494,蓝关雪,玄青
605,李信,494,蓝关雪,焦德利
4462,陈冠宇,494,蓝关雪,竹青
4463,刘鸿冰,494,蓝关雪,武藤
4468,蔡明,214,想把我唱给您听,户妈妈
4469,于方园,214,想把我唱给您听,户妈妈
3745,张一雅琦,214,想把我唱给您听,李晶晶
3744,辛未,214,想把我唱给您听,户可乙
3746,杨钊,214,想把我唱给您听,流浪歌手
3747,李然,214,想把我唱给您听,女评委
3889,龚五岳,214,想把我唱给您听,李维斯
3896,乔宇,214,想把我唱给您听,王大爷
4470,林晓妮,214,想把我唱给您听,女歌手
143,严小北,509,白爪草,苍
511,陈恬,509,白爪草,苍
320,叶嘉雯,509,白爪草,苍
3257,许佳露,509,白爪草,苍
688,许嘉芸,509,白爪草,苍
288,王洁璐,509,白爪草,红
3844,黄玫,509,白爪草,红
280,赵雨卉,509,白爪草,红
4471,黄梓鸣,448,六点下班,尹大志
4472,张行一,448,六点下班,尹大志
4473,李禹潇,448,六点下班,高天浩
4474,朱恩浩,448,六点下班,高天浩
1032,王浩楠,489,那就返场！,陈念安
4191,张贻杰,485,国王游戏,图鲁克
2622,冯镝霏,65,南墙计划,大莲
3201,黄圣淇,65,南墙计划,肖傻子
507,张玮伦,65,南墙计划,白老师
3570,林钇欣,48,最美的一天,小顺凡
1694,刘放,494,蓝关雪,竹青
4475,孙标,404,风声,吴志国
993,刘朱烨,404,风声,白小年
138,单冠朝,404,风声,金生火
2364,范可妮,453,玩偶,许忆
620,米晨晨,453,玩偶,许忆
3844,黄玫,453,玩偶,向阳
477,李苏霖,518,跑步机Treadmill,A
1777,孙一城,518,跑步机Treadmill,A
264,相征,518,跑步机Treadmill,A
577,汤佳明,518,跑步机Treadmill,A
1626,许昌泰,518,跑步机Treadmill,A
895,万钰彬,518,跑步机Treadmill,A
3159,吴盛祥,518,跑步机Treadmill,A
345,祝颂皓,518,跑步机Treadmill,B
269,徐昊,518,跑步机Treadmill,B
896,余镇鳌,518,跑步机Treadmill,B
993,刘朱烨,518,跑步机Treadmill,B
846,陈志,519,SHADOW,思悼
712,高雨晨,519,SHADOW,思悼
842,郝李英杰,519,SHADOW,思悼
681,李政绪,519,SHADOW,思悼
3501,魏忠杰,519,SHADOW,思悼
480,于晓璘,519,SHADOW,思悼
550,李炜鹏,519,SHADOW,英祖
3179,邱俊阳,519,SHADOW,英祖
481,王培杰,519,SHADOW,英祖
711,宗俊涛,519,SHADOW,英祖
174,周默涵,519,SHADOW,英祖
4477,刘妍言,410,渡河，渡河,桃桃
3386,唐晨怡,410,渡河，渡河,桃桃
4067,杨景予,410,渡河，渡河,桃桃
3266,周崇祥,410,渡河，渡河,越冬
1169,赵嘉恒,410,渡河，渡河,越冬
978,杜舟,410,渡河，渡河,迟老师
4322,常金成,410,渡河，渡河,迟老师
4478,徐健,188,闪闪的红星,潘冬子
4479,史奕,188,闪闪的红星,潘行义
4480,于明泽,188,闪闪的红星,胡汉三
4481,方宇薇,188,闪闪的红星,小百岁
4482,项卉,188,闪闪的红星,李明月
4483,贾彤,188,闪闪的红星,沈心儿
4484,乐垚贝,188,闪闪的红星,米店老板娘
4485,王鹏涵,188,闪闪的红星,米店沈老板
4486,孙立昊,188,闪闪的红星,孙局长
4487,陈怡玲,188,闪闪的红星,李明月
4488,代钰丹桐,188,闪闪的红星,沈心儿
4489,陆蕙怡,188,闪闪的红星,小百岁
1921,郭泽学,188,闪闪的红星,胡汉三
3491,沈俊池,188,闪闪的红星,米店老板娘
4490,彭建强,188,闪闪的红星,孙局长
4491,丁治玮,448,六点下班,张万保
4492,王可馨,448,六点下班,崔曼宁
3676,王艺臻,448,六点下班,崔曼宁
4493,余昕雨,448,六点下班,崔曼宁
4494,杨宇欣,448,六点下班,徐秀美
2369,李垚垚,448,六点下班,徐秀美
3391,戴玉龙,448,六点下班,安立伟
1189,马海生,520,弗兰肯斯坦,维克多&雅克
1323,叶麒圣,520,弗兰肯斯坦,维克多&雅克
471,钟舜傲,520,弗兰肯斯坦,维克多&雅克
1903,冒海飞,520,弗兰肯斯坦,亨利&怪物
256,张泽,520,弗兰肯斯坦,亨利&怪物
2869,郑君炽,520,弗兰肯斯坦,亨利&怪物
281,蒋倩如,520,弗兰肯斯坦,艾伦&伊娃
218,刘浩冉,520,弗兰肯斯坦,艾伦&伊娃
764,崔恩尔,520,弗兰肯斯坦,茱莉亚&凯瑟琳
3716,尼玛雍珠,520,弗兰肯斯坦,茱莉亚&凯瑟琳
1665,徐丽东,520,弗兰肯斯坦,茱莉亚&凯瑟琳
1208,付翔,520,弗兰肯斯坦,龙格&伊戈尔
348,翟松,520,弗兰肯斯坦,龙格&伊戈尔
1582,张光磊,520,弗兰肯斯坦,斯蒂芬&费尔南多
23,赵禹钧,520,弗兰肯斯坦,斯蒂芬&费尔南多
467,钟嘉诚,404,风声,肥原龙川
95,夏振凯,404,风声,肥原龙川
31,何亮辰,404,风声,肥原龙川
30,刘令飞,404,风声,肥原龙川
3232,栾靖宇,431,红莲,月值差使
4498,李响,378,流星之绊,高正
287,陈玉婷,521,四大美女,西施
4499,李艺彤,521,四大美女,西施
1159,强东玥,521,四大美女,西施
2934,王允宸,521,四大美女,西施
1538,党韫葳,521,四大美女,王昭君
285,刘乙萱,521,四大美女,王昭君
274,张沁丹,521,四大美女,王昭君
715,周惠怡,521,四大美女,王昭君
473,郭耀嵘,521,四大美女,貂蝉
428,李炜铃,521,四大美女,貂蝉
357,年蔓婷,521,四大美女,杨玉环
1172,胥子含,521,四大美女,杨玉环
280,赵雨卉,521,四大美女,杨玉环
289,周文嘉,522,昨日显影,任安然
4010,李心语,522,昨日显影,任安然
3853,任晓璇,522,昨日显影,任安然
4517,王京爱,522,昨日显影,任安然
4513,吴俣晴,522,昨日显影,任安然
1608,娄睿,522,昨日显影,任安然
1171,王竞琦,522,昨日显影,顾乔
3558,黄轶,522,昨日显影,顾乔
2423,王晟熙,522,昨日显影,顾乔
4518,林一涵,522,昨日显影,顾乔
284,陈旭,522,昨日显影,顾乔
2952,王凌毅,522,昨日显影,刘白
3563,黎濮宁,522,昨日显影,刘白
1780,朱羿达,522,昨日显影,刘白
225,吴锦铎,522,昨日显影,刘白
301,张旭辰,522,昨日显影,刘白
1080,钟子崴,522,昨日显影,刘白
3606,彭智宇,522,昨日显影,刘白
3238,陈蕴,522,昨日显影,刘白
1262,毋子玥,204,嫌疑人X的献身,花冈靖子
3374,蔡涵宇,410,渡河，渡河,越冬
675,遇泓羊,454,破墙,薛临
274,张沁丹,454,破墙,孟潼
959,董豫辰,454,破墙,墙内人
3132,杨浩然,67,嗜血博士,乔纳森
143,严小北,48,最美的一天,大顺凡
259,毛二,512,简·爱,罗切斯特
25,徐泽辉,65,南墙计划,白老师
4519,李美蒑,523,边城,演员
3512,袁浩杨,523,边城,演员
4520,朱勇,523,边城,演员
3590,欧阳丰彦,523,边城,演员
4521,张丰铄,410,渡河，渡河,迟老师
